English,"Beneficiary Redressal, Privacy Policy, Gender, What’s New on Poshan Tracker, What is the minimum requirement to install Poshan Tracker App in mobile?, Anganwadi Worker Training, About, What is the eligibility of a beneficiary?, Frequently Asked Questions, Weight (KG), KG, Who is eligible for additional supplementary food?, There are 6 categories for beneficiaries, Show Results, Poshan Tracker adds new Reports feature, Where can I enquire about take home ration?, Enter Height in centimeter, View All FAQs, Who is eligible for Take Home Ration?, Lactating Mother, Pregnant Women, Lactating Mothers, Children from 6 months to 3 years and adolescent girls., We are now available on Video Conference, FAQ, Boy, Helpdesk, Poshan Calculator, Enter Weight in kilogram, Children from 3 years to 6 years, Poshan Calculator is designed to measure growth of the child based on standards defined by World Health Organization (WHO)., Who is eligible for additional supplementary food., Support, How to use Poshan Calculator?, Hot Cooked Meal, Monday to Friday, Select Gender, What is Poshan Abhiyaan?, Pregnant Women, Anganwadi Workers, State Video Conference, Know More, Date of Birth, Is poshan trackers app available over Apple I Store also?, Terms of Service, How can one Download Poshan Tracker App?, Girl, Where can I enquire about Hot Cooked Meal?, Download Mobile App, Children who are identified as deficit on nutrition are eligible for additional food supplements., Can a beneficiary change his/her AWC?, Language, Children in the age group of 3 years to 6 years, Enter Date of Birth, Currently a beneficiary can register by the help of an AWW, BENEFICIARY REGISTRATION, An AWW can use ‘Migrate Beneficiary’ option to migrate a beneficiary from one AWC to another AWC basis their Aadhaar number., Take Home Ration, Join Now, Scan the QR Code to Download the App, Who is eligible for Hot Cooked Meal?, Poshan Tracker adds new Resources on Website, Height (CM), Children from 0 to 6 months, No, Poshan Tracker is available only for Android version, Careers, It enables your interaction with participating healthcare providers, and allows you to receive your digital lab reports, prescriptions and diagnosis seamlessly from verified healthcare professionals and health service providers., *Height should be between 38 to 150, Poshan Abhiyaan is India’s flagship programme to improve nutritional outcomes for children, adolescents, pregnant women and lactating mothers by leveraging technology, a targeted approach and convergence., Children from 6 months to 3 years, Who is a beneficiary?, CM, Measuring Efficiency, Poshan Tracker App is available over Google playstore, Poshan Tracker adds new application features, Vaccination Schedule, State Helpdesk, A beneficiary is eligible for HCM for at least 21 days in a month., What is the purpose of Launching Poshan Tracker?, A beneficiary is eligible for THR for at least 21 days in a month., Can a beneficiary register directly using application., Please contact your respective Anganwadi worker., ALL, The purpose of POSHAN Tracker application is to provide a 360-degree view of the activities of the Anganwadi Centre (AWC), service deliveries of Anganwadi Workers (AWWs) and complete beneficiary management for pregnant women, lactating mothers and children. The proposed system should enable real-time monitoring and tracking of all AWCs, AWWs and beneficiaries on the defined indicators., Dashboard, Login, Click on Show Results, *Weight should be between 0.90 to 58, Poshan Tracker App can only be installed in Android Phone with Android version 6.0 and above., Please contact your respective Anganwadi Centre., Download Mobile App from Play Store, Adolescent girls, Resources"
हिंदी,"पोषण मापक का उपयोग कैसे करें?, आँगनवाड़ी कार्यकर्ता, पोषण ट्रैकर ऐप गूगल प्ले स्टोर, लाभार्थी की पात्रता क्या है?, अधिक जानें, टेक होम राशन के लिए कौन पात्र है?, परिणाम दिखाएँ पर क्लिक करें, लिंग का चयन करें, क्या ऐप्पल आई स्टोर पर भी पोषण ट्रैक ऐप उपलब्ध है?, अब हम वीडियो कॉन्फ्रेंस पर उपलब्ध हैं, प्ले स्टोर से मोबाइल एप्प डाउनलोड करें, घर ले जाने वाला राशन, यहाँ लाभार्थियों की 6 श्रेणियाँ हैं, पोषण ट्रैकर लॉन्च करने का उद्देश्य क्या है?, गर्भवती महिलाएँ, स्तनपान कराने वाली माताएँ, 6 महीने से 3 वर्ष तक के बच्चे और किशोर लड़कियाँ।, पोषण ट्रैकर ऐप केवल एंड्रॉइड फोन में एंड्रॉइड संस्करण 6.0 और इसके बाद के संस्करण में स्थापित किया जा सकता है।, मैं टेक होम राशन के बारे में कहाँ पूछ सकता हूँ?, गोपनियता नीति, राज्य सहायता केंद्र, पोषण ट्रैकर ने वेबसाइट सुविधा पर नई संसाधन जोड़ा है, *ऊँचाई 38 सँ 150 केर बीच होयबाक चाही, सहायता, *वजन 0.90 सँ 58 केर बीच होयबाक चाही, क्या कोई लाभार्थी अपना आँगनवाड़ी केंद्र परिवर्तित कर सकता है?, ऊँचाई (सें.मी.), पोषण अभियान, एक लक्षित दृष्टिकोण और अभिसरण द्वारा बच्चों, किशोरों, गर्भवती महिलाओं और स्तनपान कराने वाली माताओं के लिए पोषण संबंधी परिणामों में सुधार करने के लिए भारत का प्रमुख कार्यक्रम है।, लिंग, एक लाभार्थी महीने में कम से कम 21 दिनों के लिए HCM के लिए पात्र है।, आंगनबाडी कार्यकर्ता प्रशिक्षण, लाभार्थी कौन है?, मोबाइल एप्प डाउनलोड करें, अभी जुड़ें, सोमवार से शुक्रवार, कि.ग्रा., भाषा, किशोरी लड़कियाँ/बालिकाएँ, लॉगिन, सेंटीमीटर में ऊँचाई दर्ज करें, पर उपलब्ध है।, विश्व स्वास्थ्य संगठन द्वारा परिभाषित मानकों के आधार पर बच्चों के विकास को मापने के लिए पोषण मापक का निर्माण किया गया।., के बारे में, डैशबोर्ड, मोबाइल में पोषण ट्रैकर ऐप इंस्टॉल करने के लिए न्यूनतम आवश्यकता क्या है?, कोई पोषण ट्रैकर केवल एंड्रॉइड संस्करण के लिए उपलब्ध नहीं है।, परिणाम सभ देखाउ, पोषण अभियान क्या है?, लड़का, सेवा की शर्तें, 0-6 माह तक के बच्चे, पोषण ट्रैकर ऐप को कैसे डाउनलोड किया जा सकता है?, पोषण की कमी वाले बच्चों के रूप में पहचाना जाने वाले बच्चे अतिरिक्त पूरक आहार के लिए पात्र हैं।, अक्सर पूछे जाने वाले प्रश्न, पोषण ट्रैकर में नया क्या है, एक लाभार्थी महीने में कम से कम 21 दिनों के लिए THR के लिए पात्र है।, पोषण ट्रैकर एप्लिकेशन का उद्देश्य आंगनवाड़ी केंद्र (एडब्ल्यूसी), आंगनवाड़ी कर्मचारी (एडब्ल्यूडब्ल्यू) की सेवा प्रदान करने वाली गतिविधियों और गर्भवती महिलाओं, स्तनपान कराने वाली माताओं और बच्चों के लिए पूर्ण लाभार्थी प्रबंधन की गतिविधियों का 360 डिग्री दृश्य प्रदान करना है। प्रस्तावित प्रणाली को सभी एडब्ल्यूसी, एडब्ल्यू डब्ल्यू और लाभार्थियों को परिभाषित संकेतक पर वास्तविक समय की निगरानी और समझना सक्षम करना चाहिए।, लाभार्थी निवारण/उपाय, एप्प को डाउनलोड करने के लिए QR कोड को स्कैन करें, माप लेबाक क्षमता, पोषण ट्रैकर ने नई एप्लिकेशन फीचर जोड़ा है, अवसर, जन्म तिथि, कृपया, अपने संबंधित आँगनवाड़ी कार्यकर्ता से संपर्क करें।, सभी FAQs देखें, टीकाकरण सूची, वर्तमान में, एक लाभार्थी आँगनवाड़ी कार्यकर्ता की सहायता से पंजीकरण करा सकता है, कृपया, अपने संबंधित आँगनवाड़ी केंद्र से संपर्क करें।, राज्य वीडियो सम्मेलन, स्तनपान कराने वाली माता, 3-6 वर्ष तक की आयु वाले बच्चे, अतिरिक्त पूरक आहार के लिए कौन पात्र है?, मैं गर्म पके हुए भोजन के बारे में कहाँ से पूछताछ कर सकता हूँ?, हेल्पडेस्क, यह आपके स्वास्थ्य प्रदाता के साथ आपको व्यवहार्य कुशल बनाता है, और आपको सत्यापित स्वास्थ्य पेशवरों और स्वास्थ्य प्रदाताओं से मूल रूप से डिजिटल स्वास्थ्य अभिलेखों, पर्चियों एवं निदानों को प्राप्त करने की अनुमति प्रदान करता है।, क्या कोई लाभार्थी आवेदन के उपयोग द्वारा सीधे पंजीकरण कर सकता है।, सभी, हॉट कूक्ड मील, किलोग्राम में वजन दर्ज करें, पोषण ट्रैकर ने नई रिकॉर्ड फीचर जोड़ा है, स्रोत, 6 माह - 3 वर्ष तक के बच्चे, गर्म पके हुए भोजन के लिए कौन पात्र है?, 6 वर्ष - 3 वर्ष तक के बच्चे, लाभार्थी का पंजीकरण, पोषण कैल्कुलेटर/ मापक, एक आँगनवाड़ी कार्यकर्ता अपनी आधार संख्या के आधार पर किसी लाभार्थी को एक आँगनवाड़ी केंद्र से दूसरे आँगनवाड़ी केंद्र में स्थानांतरित करने के लिए 'माइग्रेट लाभार्थी' के विकल्प का उपयोग कर सकता है।, अतिरिक्त पूरक भोजन के लिए कौन पात्र है।, गर्भवती महिला, वजन (कि.ग्रा.), सें.मी., लड़की, जन्म तिथि दर्ज करें"
ગુજરાતી,"સ્ટેટ વીડિયો કોન્ફરન્સ, પરિણામો બતાવો પર ક્લિક કરો, બાળકો, કિશોરો, સગર્ભાઓ માટેના પોષક પરિણામોને સુધારવા માટે, પોશણ અભિયાન એ ભારતનો મુખ્ય કાર્યક્રમ છે., *ઊંચાઈ 38 થી 150 વચ્ચે હોવી જોઈએ, ઘરે રાશન લો, વિશે, શું પોષણ ટ્રેક્સ એપ્લિકેશન એપલ આઇ સ્ટોર ઉપર પણ ઉપલબ્ધ છે?, જાતિ પસંદ કરો, લાભાર્થી અસંતોષ નિવારણ, સગર્ભા સ્ત્રીઓ, હોમ રાશન લેવા વિશે હું ક્યાં પૂછપરછ કરી શકું?, મોબાઈલમાં પોષણ ટ્રેકર એપ ઇન્સ્ટોલ કરવા માટે ન્યૂનતમ આવશ્યકતા શું છે?, હવે જોડાઓ, હાલમાં લાભાર્થી AWW ની મદદ દ્વારા નોંધણી કરાવી શકે છે, શું લાભાર્થી તેનું AWC બદલી શકે છે?, વેબસાઈટની વિશેષતા અંગે પોષણ ટ્રેકર નવા સંશાધનો ઉમેરે છે, મોબાઈલ એપ ડાઉનલોડ કરો, જન્મ તારીખ, વધારાના પૂરક ખોરાક માટે કોણ પાત્ર છે., એક લાભાર્થી મહિનામાં ઓછામાં ઓછા 21 દિવસ માટે HCM માટે પાત્ર છે., પોશણ ટ્રેકર શરૂ કરવાનો હેતુ શું છે?, 0 થી 6 મહિનાના બાળકો, તમામ FAQs જુઓ, વર્લ્ડ હેલ્થ ઓર્ગનાઈઝેશન(WHO) દ્વારા નિર્ધારિત ધોરણોના આધારે બાળકના વિકાસને માપવા માટે પોષણ કેલ્ક્યુલેટર ની રચના કરવામાં આવેલ છે., પોશણ અભિયાન એટલે શું?, શું લાભાર્થી અરજીનો ઉપયોગ કરીને સીધી નોંધણી કરાવી શકે છે., *વજન 0.90 થી 58 વચ્ચે હોવી જોઈએ, ગરમ રાંધેલા ભોજન માટે કોણ પાત્ર છે?, સ્તનપાન કરાવતી માતા, કિલો, 6 મહિનાથી 3 વર્ષ સુધીના બાળકો, અમે હવે વીડિયો કોન્ફરન્સ પર ઉપલબ્ધ છીએ, પ્લે સ્ટોર પરથી મોબાઈલ એપ ડાઉનલોડ કરો, ભાષા, છોકરી, લાભાર્થીઓ માટે 6 શ્રેણીઓ છે, કિશોરવયની છોકરીઓ, પોષણ ટ્રેકરે નવા અહેવાલોની વિશેષતા ઉમેરી, ના, પોષણ ટ્રેકર ફક્ત એન્ડ્રોઇડ સંસ્કરણ માટે ઉપલબ્ધ છે., પોષણ કેલ્ક્યુલેટરનો ઉપયોગ કેવી રીતે કરવો?, રસીકરણ શેડ્યૂલ, એક લાભાર્થી મહિનામાં ઓછામાં ઓછા 21 દિવસ માટે THR માટે પાત્ર છે., પોષણ ટ્રેકર એપ્લિકેશન ફક્ત એન્ડ્રોઇડ 6.0 અને તેથી વધુનાં સંસ્કરણ વાળ ફોનમાં ઇન્સ્ટોલ કરી શકાય છે., લિંગ, વજન (કિલો), લાભાર્થી કોણ છે?, વધારાના પૂરક ખોરાક માટે કોણ પાત્ર છે?, સોમવાર થી શુક્રવાર, એપ ડાઉનલોડ કરવા માટે QR કોડ સ્કેન કરો, પોશણ ટ્રેકર એપ્લિકેશનનો હેતુ આંગણવાડી કેન્દ્ર (એડબ્લ્યુસી) ની પ્રવૃત્તિઓ, આંગણવાડી કામદારો (એડબ્લ્યુડબ્લ્યુ) ની સેવા વિતરણ અને સગર્ભા સ્ત્રીઓ, સ્તનપાન કરાવતી માતાઓ અને બાળકો માટે સંપૂર્ણ લાભાર્થી સંચાલનનો 360 ડિગ્રી દૃશ્ય પ્રદાન કરવાનો છે. સૂચિત સિસ્ટમમાં બધા આંગણવાડી કેન્દ્રો, આંગણવાડી કામદારો અને લાભાર્થીઓને નિર્ધારિત સૂચકાંકો પર રીઅલ-ટાઇમ મોનિટરિંગ અને ટ્રેકિંગને સક્ષમ બનાવવું જોઈએ., AWW લાભાર્થીને તેમના આધાર નંબરના આધારે એક AWCમાંથી બીજા AWCમાં સ્થાનાંતરિત કરવા માટે 'માઇગ્રેટ બેનિફિશરી' વિકલ્પનો ઉપયોગ કરી શકે છે., પર ઉપલબ્ધ છે., ટેક હોમ રાશન માટે કોણ યોગ્ય છે?, સંસાધનો, જન્મ તારીખ દાખલ કરો, બધા, પોષણ ટ્રેકર એપ્લિકેશન ગૂગલ પ્લે સ્ટોર, વારંવાર પૂછાતા પ્રશ્નો, રાજ્ય હેલ્પડેસ્ક, કૃપા કરીને તમારા સંબંધિત આંગણવાડી કેન્દ્રનો સંપર્ક કરો., મદદ, લાભાર્થીની લાયકાત શું છે?, સેવાની શરતો, પરિણામો દર્શાવો, છોકરો, પોષણ કેલ્ક્યુલેટર, લાભાર્થી નોંધણી, આંગણવાડી કાર્યકરો, પોષણ ટ્રેકર પર નવું શું છે, કાર્યક્ષમતા માપવી, સેન્ટીમીટરમાં ઊંચાઈ દાખલ કરો, ડેશબોર્ડ, સગર્ભા સ્ત્રીઓ, સ્તનપાન કરાવતી માતાઓ, 6 મહિનાથી 3 વર્ષ સુધીના બાળકો અને કિશોરીઓ., ઊંચાઈ (સે.મી), પોષણ ટ્રેકર નવા એપ્લિકેશનની વિશેષતા ઉમેરી, તે સહભાગી આરોગ્યસંભાળ રાખનારાઓ સાથે તમારી ક્રિયાપ્રતિક્રિયાને સક્ષમ કરે છે, અને તમને તમારા ડિજિટલ લેબ રિપોર્ટ્સ, પ્રિસ્ક્રિપ્શન્સ અને નિદાન ચકાસાયેલ આરોગ્યસંભાળ વ્યાવસાયિકો અને આરોગ્ય સેવા આપનારાઓ પાસેથી એકીકૃત રીતે પ્રાપ્ત કરવાની મંજૂરી આપે છે., કિલોગ્રામમાં વજન દાખલ કરો, પ્રાઇવસી પોલિસી, 3 વર્ષથી 6 વર્ષની વયના બાળકો, વધુ જાણો, ગરમ રાંધેલું ભોજન, હું ગરમ ​​રાંધેલા ભોજન વિશે ક્યાં પૂછપરછ કરી શકું?, આંગણવાડી કાર્યકર્તા તાલીમ, સે.મી, પ્રવેશ, 3 વર્ષથી 6 વર્ષ સુધીના બાળકો, કૃપા કરીને તમારા સંબંધિત આંગણવાડી કાર્યકરનો સંપર્ક કરો., કારકિર્દ, હેલ્પડેસ્ક, પોષણ ટ્રેકર એપ્લિકેશન કેવી રીતે ડાઉનલોડ કરી શકાય છે?, જે બાળકો પોષણની ઉણપ તરીકે ઓળખાય છે તેઓ વધારાના આહાર પૂરવણીઓ માટે પાત્ર છે."
મરાઠી,"पोषण कॅल्क्युलेटर कसे वापरावे?, परिणाम दर्शवा, *वजन 0.90 ते 58 च्या दरम्यान असावे, एक लाभार्थी महिन्यातून किमान 21 दिवस टीएचआर साठी पात्र आहे., गरम शिजवलेल्या जेवणासाठी कोण पात्र आहे?, मुले 6 महिने - 3 वर्षे, किग्रॅ, मुलगी, हे सहभागी आरोग्य सेवा प्रदात्यांशी तुमचं एकमेकांशी असलेले संभाषण सक्षम करते आणि तुम्हाला तुमचे डिजिटल लॅब रिपोर्ट्स, प्रिस्क्रिप्शन आणि निदान सत्यापित आरोग्यसेवा व्यावसायिक आणि आरोग्य सेवा प्रदात्यांकडून अखंडपणे प्राप्त करण्यास अनुमती देते., आपण पोशन ट्रॅकर अ‍ॅप डाउनलोड कसे करू शकतो?, करिअर, एक अंगणवाडी सेविका लाभार्थी एका अंगणवाडी केंद्र मधून दुसर्‍या अंगणवाडी केंद्र मध्ये त्यांच्या आधार क्रमांकाच्या आधारे स्थलांतरित करण्यासाठी ‘माइग्रेट लाभार्थी’ पर्याय वापरू शकतो., होम रेशनबद्दल मी कुठे चौकशी करू शकतो?, पोषण ट्रॅकर लॉन्च करण्याचा हेतू काय आहे ?, दाखलन, आरोग्य आयडी, पोषणाची कमतरता म्हणून ओळखली जाणारी मुले अतिरिक्त आहार पूरक आहारांसाठी पात्र आहेत., गोपनीयता धोरण, कृपया तुमच्या संबंधित अंगणवाडी सेविकेशी संपर्क साधा., पोषण कॅल्क्युलेटर, उंची (सेमी), पोषण ट्रॅकर अॅप गुगल प्लेस्टोअरवर उपलब्ध आहे, सपोर्ट, लसीकरण वेळापत्रक, *उंची 38 ते 150 च्या दरम्यान असावी, लिंग, स्तनपान करणारी आई, एक लाभार्थी एका महिन्यात किमान 21 दिवस एचसीएम साठी पात्र असतो., लाभार्थी कोण आहे?, मोबाइलमध्ये पोषण ट्रॅकर अॅप स्थापित करण्यासाठी किमान आवश्यक काय आहे?, अँपल आय स्टोअरमध्येही पोषण ट्रॅक अॅप उपलब्ध आहे का?, जन्मतारीख, कृपया तुमच्या संबंधित अंगणवाडी केंद्राशी संपर्क साधा., पोषण कॅल्क्युलेटर हे मुलांची वाढ मोजण्यासाठी डिझाइन केलेले आहे जे जागतिक आरोग्य संघटनेने (डब्ल्यूएचओ) परिभाषित केलेल्या मानकांच्या आधारे मूल्यमापन करते., मुलगा, अर्ज वापरून लाभार्थी थेट नोंदणी करू शकतो, सेमी, किशोरवयीन मुली, होम रेशन घ्या, लाभार्थ्यांसाठी 6 श्रेणी आहेत, मी गरम शिजवलेल्या जेवणाबद्दल कुठे चौकशी करू शकतो?, होम रेशनसाठी कोण पात्र आहे?, अतिरिक्त पूरक आहारासाठी कोण पात्र आहे?, वजन (किग्रॅ), आम्ही आता व्हिडिओ कॉन्फरन्सवर उपलब्ध आहोत, मुले, किशोरवयीन मुले, गर्भवती महिला आणि स्तनपान करणार्‍या मातांना तंत्रज्ञानाचा लाभ देऊन, लक्ष्यित दृष्टिकोन आणि अभिसरण देऊन पौष्टिक परिणाम सुधारण्यासाठी पोषण अभियान हा भारताचा प्रमुख कार्यक्रम आहे., पोशन ट्रॅकर नवीन ऍप्लिकेशन वैशिष्ट्ये जोडत आहे, सतत विचारले जाणारे प्रश्न, ॲप डाउनलोड करण्यासाठी क्यूआर कोड स्कॅन करा, राज्य मदत कक्ष, लाभार्थी त्याचे/तिचे अंगणवाडी केंद्र बदलू शकतो का?, एबीएचए (पूर्वी आरोग्य आयडी म्हणून ओळखले जाणारे) हे आयुष्मान भारत आरोग्य खात्याचे संक्षिप्त रूप आहे., गरम शिजवलेले जेवण, लाभार्थी निवारण, अंगणवाडी सेविका प्रशिक्षण, डॅशबोर्ड, लाभार्थीची पात्रता काय आहे?, लाभार्थी नोंदणी, मोबाइल ॲप डाउनलोड करा, पोषण अभियान म्हणजे काय?, मुले 3 वर्षे - 6 वर्षे, लिंग निवडा, सेवा अटी, संसाधने, सेंटीमीटरमध्ये उंची प्रविष्ट करा, पोषण ट्रॅकर केवळ अँड्रॉइड आवृत्तीसाठी उपलब्ध आहे., सर्व, एबीएचए (आरोग्य आयडी) याचा वापर हे तुमच्यासाठी आणि तुमच्या कुटुंबासाठी सुरक्षित आणि कार्यक्षम डिजिटल आरोग्य नोंदी तयार करण्याच्या दिशेने पहिले पाऊल आहे., मुले 0 महिने - 6 महिने, राज्य व्हिडिओ कॉन्फरन्स, गरोदर महिला, स्तनपान करणार्‍या माता, 6 महिने ते 3 वर्षे वयोगटातील मुले आणि किशोरवयीन मुली., किलोग्रॅममध्ये वजन प्रविष्ट करा, आत्ताच सहभागी व्हा, पोशन ट्रॅकरने नवीन अहवाल वैशिष्ट्य जोडले आहे, हेल्पडेस्क, जन्मतारीख प्रविष्ट करा, सर्व एफएक्यू पहा, अंगणवाडी सेविका, विषयी, कार्यक्षमता मोजणे, पॉशन ट्रॅकर वेबसाइट वैशिष्ट्यावर नवीन संसाधने जोडते, एफएक्यू, सोमवार ते शुक्रवार, परिणाम दर्शवा वर क्लिक करा, अतिरिक्त पूरक आहारासाठी कोण पात्र आहे., सध्या एक लाभार्थी अंगणवाडी सेविका च्या मदतीने नोंदणी करू शकतो, पोषण ट्रॅकर अँप्लिकेशनचा उद्देश आहे की त्यातून अंगणवाडी सेंटर (एडब्ल्यूसी), अंगणवाडी सेविकांची सेवा पुरवठा (एडब्ल्यूडब्ल्यू ), गर्भवती महिला, स्तनपान करणारी माता व मुले यांचे संपूर्ण लाभार्थी व्यवस्थापन, अशा सगळ्याचा एक ३६०°आढावा घेऊ शकतो. प्रस्तावित प्रणाली आपल्याला परिभाषित निर्देशकांवर सर्व एडब्ल्यूसी, एडब्ल्यूडब्ल्यू आणि लाभार्थ्यांचे वास्तविक-वेळ देखरेख आणि ट्रॅक करण्यास सक्षम करेल., 3 वर्षे ते 6 वर्षे वयोगटातील मुले, पॉशन ट्रॅकर अॅप केवळ अँड्रॉइड फोन ६.० आणि त्यावरील आवृत्तीसह स्थापित केला जाऊ शकतो., अधिक जाणून घ्या, पोषण ट्रॅकर वर नवीन काय आहे, प्ले स्टोअर वरून मोबाईल ॲप डाउनलोड करा, गर्भवती महिला, एबीएचए (आरोग्य आयडी) आणि त्याचे फायदे, भाषा"
ಕನ್ನಡ,"ಪ್ರಸ್ತುತ ಫಲಾನುಭವಿಯು AWW ಸಹಾಯದಿಂದ ನೋಂದಾಯಿಸಿಕೊಳ್ಳಬಹುದು, ಮನೆಗೆ ಆಹಾರವನ್ನು ತೆಗೆದುಕೊಳ್ಳಿ, ತೂಕವನ್ನು ಕಿಲೋಗ್ರಾಂಗಳಲ್ಲಿ ನಮೂದಿಸಿ, ಪೋಷಣ್ ತ್ರ್ಯಾಕರ್ ಆಪ್ಪನ್ನು ಹೇಗೆ ಡೌನ್ಲೋಡ್ ಮಾಡಬಹುದು?, ಹೆಚ್ಚುವರಿ ಪೂರಕ ಆಹಾರಕ್ಕಾಗಿ ಯಾರು ಅರ್ಹರು?, ಭಾಷೆ, ಕೆ.ಜಿ., ದಯವಿಟ್ಟು ನಿಮ್ಮ ಸಂಬಂಧಪಟ್ಟ ಅಂಗನವಾಡಿ ಕಾರ್ಯಕರ್ತೆಯರನ್ನು ಸಂಪರ್ಕಿಸಿ., 3 ವರ್ಷದಿಂದ 6 ವರ್ಷಗಳವರೆಗೆ ಮಕ್ಕಳು, ಗೌಪ್ಯತಾ ನೀತಿ, ಹಾಲುಣಿಸುವ ತಾಯಿ, ಸೆಂ.ಮೀ., ಫಲಾನುಭವಿ ನೋಂದಣಿ, ದಯವಿಟ್ಟು ನಿಮ್ಮ ಅಂಗನವಾಡಿ ಕೇಂದ್ರವನ್ನು ಸಂಪರ್ಕಿಸಿ., ಪೊಷನ್ ಟ್ರ್ಯಾಕರ್ ಅಪ್ಪ್ಲಿಕೇಷನ್ ನ ಉದ್ದೇಶವು ಅಂಗನವಾಡಿ ಕೇಂದ್ರಗಳ ಚಟುವಟಿಕೆಗಳು, ಅಂಗನವಾಡಿ ಕಾರ್ಯಕರ್ತರ ಸೇವಾ ವಿತರಣೆ ಹಾಗೂ ಗರ್ಭ್ಹಿಣಿಯರು, ಹಾಲುಣಿಸುವ ತಾಯಂದಿರು ಮತ್ತು ಮಕ್ಕಳ ಸಂಪೂರ್ಣ ಫಲಾನುಭವಿ ಉಸ್ತುವಾರಿಯ ೩೬೦-ಡಿಗ್ರೀ ವೀಕ್ಷಣೆ ದೊರಕಿಸುವುದಾಗಿದೆ. ಈ ಪ್ರಸ್ತಾಪಿಸಿದ ವ್ಯವಸ್ತೆಯು ಎಲ್ಲಾ ಎ.ಡಬ್ಲ್ಯು.ಸಿ, ಎಡಬ್ಲ್ಯುಡಬ್ಲ್ಯು ಗಳು ಹಾಗೂ ಫಲಾನುಭವಿಗಳ, ವ್ಯಾಖ್ಯಾನಿಸಿದ ಸೂಚಕಗಳಲ್ಲಿ ನೈಜ ಸಮಯ ಉಸ್ತುವಾರಿ ಮತ್ತು ಜಾಡೀಕರಣವನ್ನು ಸಕ್ರೀಯಗೊಳಿಸಬೇಕು., ಪೋಷನ್ ಕ್ಯಾಲ್ಕುಲೇಟರ್ ಅನ್ನು ವಿಶ್ವ ಆರೋಗ್ಯ(WHO) ಸಂಸ್ಥೆ ನಿಗದಿಪಡಿಸಿದ ಮಾನದಂಡದ ಪ್ರಕಾರ ಮಗುವಿನ ಬೆಳವಣಿಗೆಯನ್ನು ಅಳೆಯಲು ವಿನ್ಯಾಸಗೊಳಿಸಲಾಗಿದೆ., ವ್ಯಾಕ್ಸಿನೇಷನ್ ವೇಳಾಪಟ್ಟಿ, ಪೋಷನ್ ಕ್ಯಾಲ್ಕುಲೇಟರ್, ಜನ್ಮ ದಿನಾಂಕ, ಒಬ್ಬ ಫಲಾನುಭವಿಯು ತಿಂಗಳಲ್ಲಿ ಕನಿಷ್ಠ 21 ದಿನಗಳವರೆಗೆ THR ಗೆ ಅರ್ಹನಾಗಿರುತ್ತಾನೆ., ಒಬ್ಬ ಫಲಾನುಭವಿ ಅವನ/ಅವಳ AWC ಬದಲಾಯಿಸಬಹುದೇ?, ಪೋಶನ್ ಟ್ರ್ಯಾಕರ್ ವೆಬ್‌ಸೈಟ್ ವೈಶಿಷ್ಟ್ಯದಲ್ಲಿ ಹೊಸ ಸಂಪನ್ಮೂಲಗಳನ್ನು ಸೇರಿಸುತ್ತದೆ, ಎ. ಬಿ. ಹೆಚ್. ಎ ಬಳಸುವುದು ( ಆರೋಗ್ಯ ಗುರುತಿನ ಚೀಟಿ) ನಿಮ್ಮ ಮತ್ತು ನಿಮ್ಮ ಕುಟುಂಬಕ್ಕಾಗಿ ಸುರಕ್ಷಿತ ಮತ್ತು ಸಮರ್ಥ ಡಿಜಿಟಲ್ ದಾಖಲೆಗಳನ್ನು ನಿರ್ಮಿಸುವುದರಲ್ಲಿ ಮೊದಲನೇ ಹೆಜ್ಜೆಯಾಗಿದೆ., ಇಂದೇ ದಾಖಲಾಗಿ, ಪೋಷಣ್ ಟ್ರ್ಯಾಕರ್ ಆಪ್ಪ್ ಗೂಗ್ಲ್ ಪ್ಲೇಸ್ಟೋರ್ ನಲ್ಲಿ ಲಭ್ಯವಿದೆ, ಹುಟ್ಟಿದ ದಿನಾಂಕವನ್ನು ಆಯ್ಕೆ ಮಾಡಿ ನಮೂದಿಸಿ, ಬಗ್ಗೆ, ಪೋಶನ್ ಟ್ರ್ಯಾಕರ್ ಹೊಸ ಅಪ್ಲಿಕೇಶನ್ ವೈಶಿಷ್ಟ್ಯಗಳನ್ನು ಸೇರಿಸುತ್ತದೆ, *ತೂಕವು 0.90 ರಿಂದ 58 ರ ನಡುವೆ ಇರಬೇಕು, ಇನ್ನಷ್ಟು ತಿಳಿಯಿರಿ, ಲಿಂಗ ಆಯ್ಕೆ, ಬಿಸಿ ಬೇಯಿಸಿದ ಆಹಾರದ ಬಗ್ಗೆ ನಾನು ಎಲ್ಲಿ ಕೇಳಬಹುದು?, ರಾಜ್ಯ ಸಹಾಯವಾಣಿ ಕೇಂದ್ರ, ಅರ್ಜಿಯನ್ನು ಬಳಸಿಕೊಂಡು ಫಲಾನುಭವಿ ನೇರವಾಗಿ ನೋಂದಾಯಿಸಿಕೊಳ್ಳಬಹುದು., ಸೋಮವಾರ ದಿಂದ ಶುಕ್ರವಾರದ ವರೆಗೆ, 0 ರಿಂದ 6 ತಿಂಗಳ ಮಗು, ಫಲಾನುಭವಿಗಳಿಗೆ 6 ವಿಭಾಗಗಳಿವೆ, ಪೋಷನ್ ಕ್ಯಾಲ್ಕುಲೇಟರ್ ಅನ್ನು ಹೇಗೆ ಬಳಸುವುದು?, ಎಲ್ಲಾ FAQ ಗಳನ್ನು ವೀಕ್ಷಿಸಿ, ರಾಜ್ಯ ವಿಡಿಯೋ ಕಾನ್ಫರೆನ್ಸ್, ಪೋಷಣ್ ಅಭ್ಯಾನ್ ಭಾರತದಲ್ಲಿ, ಮಕ್ಕಳ, ಹದಿಹರೆಯದವರ, ಗರ್ಭ್ಹಿಣಿಯರ ಹಾಗೂ ಹಾಲುಣಿಸುವ ತಾಯಂದಿರ ಪೋಷಣೆಯ ಫಲಿತಾಂಶವನ್ನು ಸುಧಾರಿಸಲು, ತಾಂತ್ರಿಕವಾಗಿ, ಒಂದು ಉದ್ದೇಶಿತ ವಿಧಾನ ಹಾಗೂ ಒಮ್ಮುಖದಿಂದ ಪ್ರಾರಂಭಿಸಿದ ಒಂದು ಪ್ರಮುಖ ಕಾರ್ಯಕ್ರಮ., ಅಪ್ಲಿಕೇಶನ್ ಡೌನ್ಲೋಡ್ ಮಾಡಲು ಕ್ಯೂಆರ್ ಕೋಡ್ ಸ್ಕ್ಯಾನ್ ಮಾಡಿ, ಲಿಂಗ, ಎ. ಬಿ. ಹೆಚ್. ಎ (ಆರೋಗ್ಯ ಗುರುತಿನ ಚೀಟಿ) ಮತ್ತು ಅದರ ಲಾಭಗಳು, ವೃತ್ತಿಗಳು, ತೂಕ (ಕೆ.ಜಿ.), ಸಹಾಯವಾಣಿ, ಫೋಷನ್ ಟ್ರಾಕರ್ ನಲ್ಲಿ ಹೊಸದ್ದು ಏನು ಇದೆ, ಪೋಶನ್ ಟ್ರ್ಯಾಕರ್ ಹೊಸ ವರದಿಗಳ ವೈಶಿಷ್ಟ್ಯವನ್ನು ಸೇರಿಸುತ್ತದೆ, ಪೋಷಣ್ ಟ್ರ್ಯಾಕರ್ ಆಪ್ಪ್ ಅನ್ನು ಆಂಡ್ರೊಯಿಡ್ ೬.೦ ಆವ್ರಿತ್ತಿ ಅಥವಾ ಅದಕ್ಕಿಂತ ಮೇಲಿನ ಆವ್ರಿತ್ತಿಗಳಿರುವ ಅಂಡ್ರೊಯಿಡ್ ಫೋನ್ನಲ್ಲಿ ಸ್ಥಾಪಿಸಬಹುದು., ಇದು ಭಾಗವಹಿಸುವ ಆರೋಗ್ಯ ಪೂರೈಕೆದಾರರೊಂದಿಗೆ ನಿಮ್ಮ ಸಂವಾದವನ್ನು ಸಕ್ರಿಯಗೊಳಿಸುತ್ತದೆ ಮತ್ತು ಅಧಿಕೃತ ಆರೋಗ್ಯ ವೃತ್ತಿಪರರು ಮತ್ತು ಆರೋಗ್ಯ ಪೂರೈಕೆದಾರರಿಂದ ನಿಮ್ಮ ಡಿಜಿಟಲ್ ಲ್ಯಾಬ್ ವರದಿಗಳು, ಪ್ರಿಸ್ಕ್ರಿಪ್ಷನ್‌ಗಳು ಮತ್ತು ರೋಗನಿರ್ಣಯಗಳನ್ನು ಪಡೆಯಲು ನಿಮಗೆ ಅನುಮತಿಸುತ್ತದೆ., ಎತ್ತರ (ಸೆಂ.ಮೀ.), ಪೋಷಣ್ ಟ್ರ್ಯಾಕರ್ ಆಪ್ಪ್ ಅನ್ನು ಮೊಬೈಲ್ನಲ್ಲಿ ಸ್ಥಾಪಿಸಲು ಕನಿಷ್ಟ ಅವಶ್ಯಕತೆಗಳೇನು?, ಪೌಷ್ಟಿಕಾಂಶದ ಕೊರತೆಯಿರುವ ಮಕ್ಕಳು ಹೆಚ್ಚುವರಿ ಆಹಾರ ಪಡೆಯಲು ಅರ್ಹರಾಗಿರುತ್ತಾರೆ., ಎತ್ತರವನ್ನು ಸೆಂಟಿಮೀಟರ್‌ಗಳಲ್ಲಿ ನಮೂದಿಸಿ, ಫಲಿತಾಂಶಗಳನ್ನು ತೋರಿಸಲು ಆಯ್ಕೆ ಮೇಲೆ ಕ್ಲಿಕ್ ಮಾಡಿ, ಹುಡುಗಿ, ಡ್ಯಾಶ್ ಬೋರ್ಡ್, ಬಿಸಿ ಊಟ, ಸಹಾಯ, ಫಲಾನುಭವಿಗಳಿಗೆ ನೀಡುವ ಪರಿಹಾರ, ಫಲಾನುಭವಿಯ ಅರ್ಹತೆ ಏನು?, ಹೆಚ್ಚುವರಿ ಪೂರಕ ಆಹಾರಕ್ಕಾಗಿ ಯಾರು ಅರ್ಹರು., ಫಲಿತಾಂಶಗಳನ್ನು ತೋರಿಸಿ, ಲಾಗಿನ್, ಒಬ್ಬ ಫಲಾನುಭವಿಯು ತಿಂಗಳಲ್ಲಿ ಕನಿಷ್ಠ 21 ದಿನಗಳವರೆಗೆ HCM ಗೆ ಅರ್ಹನಾಗಿರುತ್ತಾನೆ., ಪೋಷಣ್ ಟ್ರ್ಯಾಕರ್ ಆಪ್ಪ್ ಆಪ್ಪಲ್ ಐ ಸ್ಟೋರ್ ನಲ್ಲೂ ಲಭ್ಯವಿದೆಯೇ?, ಪ್ಲೇ ಸ್ಟೋರ್ ನಿಂದ ಮೊಬೈಲ್ ಅಪ್ಲಿಕೇಶನ್ ಡೌನ್ಲೋಡ್ ಮಾಡಿ, ಪದೇ ಪದೇ ಕೇಳಲಾಗುವ ಪ್ರಶ್ನೆಗಳು, ಎ. ಬಿ. ಹೆಚ್. ಎ ( ಮುಂಚಿನ ಹೆಸರು ಆರೋಗ್ಯ ಗುರುತಿನ ಚೀಟಿ ) ಪೂರ್ಣ ಹೆಸರು ಆಯುಷ್ಮಾನ್ ಭಾರತ್ ಹೆಲ್ತ್ ಅಕೌಂಟ್ ಆಗಿದೆ., ಪೌಷ್ಟಿಕಾಂಶದ ಕೊರತೆಯಿರುವ ಮಕ್ಕಳು ಹೆಚ್ಚುವರಿ ಆಹಾರಕ್ಕೆ ಅರ್ಹರಾಗಿರುತ್ತಾರೆ., 3 ವರ್ಷದಿಂದ 6 ವರ್ಷ ವಯಸ್ಸಿನ ಮಕ್ಕಳು, ಅಂಗನವಾಡಿ ಕಾರ್ಯಕರ್ತೆಯರು, ಗರ್ಭಿಣಿಯರು, ಮೊಬೈಲ್ ಅಪ್ಲಿಕೇಶನ್ ಡೌನ್ಲೋಡ್ ಮಾಡಿ, ಸಂಪನ್ಮೂಲಗಳು, ಫಲಾನುಭವಿ ಯಾರು?, ಟೇಕ್ ಹೋಮ್ ಪಡಿತರ ಬಗ್ಗೆ ನಾನು ಎಲ್ಲಿ ಕೇಳಬಹುದು?, ಎಲ್ಲಾ, 6 ತಿಂಗಳಿಂದ 3 ವರ್ಷಗಳವರೆಗೆ ಮಕ್ಕಳು, ಸೇವೆಗಳ ನಿಯಮಗಳು, ಟೇಕ್ ಹೋಮ್ ರೇಷನ್‌ಗೆ ಯಾರು ಅರ್ಹರು?, *ಎತ್ತರವು 38 ರಿಂದ 150 ರ ನಡುವೆ ಇರಬೇಕು, ಒಬ್ಬ AWW ತನ್ನ ಆಧಾರ್ ಸಂಖ್ಯೆಯ ಆಧಾರದ ಮೇಲೆ ಫಲಾನುಭವಿಯನ್ನು ಒಂದು AWCದಿಂದ ಇನ್ನೊಂದಕ್ಕೆ ವರ್ಗಾಯಿಸಲು 'ವಲಸೆ ಫಲಾನುಭವಿ' ಆಯ್ಕೆಯನ್ನು ಬಳಸಬಹುದು., ಪೋಷಣ್ ಅಭ್ಯಾನ್ ಅಂದರೆ ಏನು?, ಹುಡುಗ, ಗರ್ಭಿಣಿಯರು, ಹಾಲುಣಿಸುವ ತಾಯಂದಿರು, 6 ತಿಂಗಳಿಂದ 3 ವರ್ಷದ ಮಕ್ಕಳು ಮತ್ತು ಹದಿಹರೆಯದ ಹುಡುಗಿಯರು., ದಕ್ಷತೆಯನ್ನು ಅಳೆಯುವುದು, ಹದಿಹರೆಯದ ಹುಡುಗಿಯರು, ನಾವು ಈಗ ವೀಡಿಯೊ ಕಾನ್ಫರೆನ್ಸ್ ನಲ್ಲಿ ಲಭ್ಯ, ಬಿಸಿ ಊಟಕ್ಕೆ ಯಾರು ಅರ್ಹರು?, ಎಬಿಹೆಚ್ಎ (ಆರೋಗ್ಯ ID), ಇಲ್ಲ, ಪೋಷಣ್ ಟ್ರ್ಯಾಕರ್ ಕೇವಲ ಆಂಡ್ರೊಯಿಡ್ ಆವ್ರಿತ್ತಿಯಲ್ಲಿ ಲಭ್ಯವಿದೆ., ಪೋಷಣ್ ಟ್ರ್ಯಾಕರ್ ಪ್ರಾರಂಭಿಸಿದ ಉದ್ದೇಶವೇನು?, ಅಂಗನವಾಡಿ ಕಾರ್ಯಕರ್ತೆಯರ ತರಬೇತಿ"
മലയാളം,"ഭാരം കിലോഗ്രാമിൽ രേഖപ്പെടുത്തുക, കുറിച്, എല്ലാം, AWW-ന് അവരുടെ ആധാർ നമ്പർ അടിസ്ഥാനമാക്കി ഒരു AWC-യിൽ നിന്ന് മറ്റൊരു AWC-ലേക്ക് ഒരു ഗുണഭോക്താവിനെ മൈഗ്രേറ്റ് ചെയ്യാൻ 'മൈഗ്രേറ്റ് ബെനിഫിഷ്യറി' ഓപ്ഷൻ ഉപയോഗിക്കാം., എല്ലാ FAQs ഉം കാണുക, കൗമാരക്കാരായ പെൺകുട്ടികൾ, ദയവായി നിങ്ങളുടെ അങ്കണവാടി കേന്ദ്രവുമായി ബന്ധപ്പെടുക., ഡാഷ്ബോർഡ്, 3 വയസ്സ് മുതൽ 6 വയസ്സ് വിഭാഗം കുട്ടികളുടെ വിഭാഗം, പോഷണ്‍ട്രക്കര്‍ വെബ്സൈറ്റില്‍ പുതിയ ഉറവിടങ്ങള്‍ ചേര്‍ക്കുന്നു, ഹെൽപ്പ് ഡെസ്ക്, ഭാരം (സെന്‍റിമീറ്റര്‍), ഗുണഭോക്താക്കൾക്ക് 6 വിഭാഗങ്ങളുണ്ട്, ലോഗിൻ, ., ഫലങ്ങള്‍ കാണിക്കുക, ഗൂഗിൾ പ്ലേസ്റ്റോറിൽ പോഷാൻ ട്രാക്കർ ആപ്പ് ലഭ്യമാണ്, ഹോം റേഷൻ എടുക്കുക, ഞങ്ങൾ ഇപ്പോൾ വീഡിയോ കോൺഫറൻസിലാണ്, സംസ്ഥാന സഹായകേന്ദ്രം, തിങ്കളാഴ്ച മുതൽ വെള്ളിയാഴ്ച വരെ, പെൺകുട്ടി, ഒരാൾക്ക് എങ്ങനെ പോഷാൻ ട്രാക്കർ എ.പി.പി ഡൗൺലോഡുചെയ്യാനാകും?, പോഷൻ ട്രാക്കറിൽ എന്താണ് പുതിയത്, സ്വകാര്യതാനയം, തൊഴിലവസരങ്ങൾ, പതിവുചോദ്യങ്ങൾ, ഫലങ്ങൾ കാണിക്കുക എന്നതിൽ ക്ലിക്ക് ചെയ്യുക, ആൻഡ്രോയിഡ് പതിപ്പ് 6.0 ഉം അതിന് മുകളിലുള്ളതുമായ ആൻഡ്രോയിഡ് ഫോണിൽ മാത്രമേ പോഷൻ ട്രാക്കർ ആപ്പ് ഇൻസ്റ്റാൾ ചെയ്യാൻ കഴിയൂ., അധിക സപ്ലിമെന്ററി ഭക്ഷണത്തിന് അർഹതയുള്ളവർ., *ഉയരം 38 നും 150 നും ഇടയില്‍ ആയിരിക്കണം, ഒരു ഗുണഭോക്താവിന് ഒരു മാസത്തിൽ കുറഞ്ഞത് 21 ദിവസത്തേക്ക് HCM-ന് അർഹതയുണ്ട്., പോഷണ്‍ട്രാക്കര്‍ പുതിയ ആപ്ലിക്കേഷന്‍ ഫീച്ചറുകള്‍ ചേര്‍ക്കുന്നു, ലിംഗഭേദം, കൂടുതൽ അറിയുക, ഗുണഭോക്തൃ രജിസ്ട്രേഷൻ, ഒരു ഗുണഭോക്താവിന് അപേക്ഷ ഉപയോഗിച്ച് നേരിട്ട് രജിസ്റ്റർ ചെയ്യാം., ആരാണ് ഒരു ഗുണഭോക്താവ്?, പിന്തുണ, ദയവായി നിങ്ങളുടെ അംഗൻവാടി വർക്കറുമായി ബന്ധപ്പെടുക., പോഷൻ ട്രാക്കർ സമാരംഭിക്കുന്നതിന്റെ ഉദ്ദേശ്യം എന്താണ്?, അംഗന്‍വാടി പ്രവര്‍ത്തകരുടെ പരീശീലനം, പോഷണ്‍പുതിയ റിപ്പോര്‍ട്ട് ഫീച്ചറുകള്‍ ചേര്‍ക്കുന്നു, 3 വയസ്സ് മുതൽ 6 വയസ്സ് വരെയുള്ള കുട്ടികൾ, മുലയൂട്ടുന്ന അമ്മ, അംഗൻവാടി സെന്ററിന്റെ (എഡബ്ല്യുസി) പ്രവർത്തനങ്ങൾ, അംഗൻവാടി വർക്കേഴ്സിന്റെ (എഡബ്ല്യുഡബ്ല്യു) സേവന ഡെലിവറികൾ, ഗർഭിണികൾ, മുലയൂട്ടുന്ന അമ്മമാർ, കുട്ടികൾ എന്നിവരുടെ സമ്പൂർണ്ണ ഗുണഭോക്തൃ മാനേജുമെന്റ് എന്നിവയെക്കുറിച്ച് 360 ഡിഗ്രി കാഴ്ച നൽകുക എന്നതാണ് പോഷാൻ ട്രാക്കർ ആപ്ലിക്കേഷന്റെ ലക്ഷ്യം. നിർ‌ദ്ദിഷ്‌ട സൂചകങ്ങളിൽ‌ എല്ലാ എ‌ഡബ്ല്യുസി, എ‌ഡബ്ല്യുഡബ്ല്യു, ഗുണഭോക്താക്കൾ എന്നിവരുടെ തത്സമയ നിരീക്ഷണവും ട്രാക്കുചെയ്യലും നിർദ്ദിഷ്ട സംവിധാനം പ്രാപ്തമാക്കണം., മൊബൈലിൽ പോഷൻ ട്രാക്കർ ആപ്പ് ഇൻസ്റ്റാൾ ചെയ്യുന്നതിനുള്ള ഏറ്റവും കുറഞ്ഞ ആവശ്യകത എന്താണ്?, ഗർഭിണികൾ, അങ്കണവാടി പ്രവർത്തകർ, കെജി, 6 മാസം മുതൽ 3 വർഷം വരെയുള്ള കുട്ടികൾ, ചൂട് പാകം ചെയ്ത ഭക്ഷണത്തിന് അർഹതയുള്ളത് ആരാണ്?, സംസ്ഥാന വീഡിയോ കോണ്‍ഫറന്‍സ്, പോഷകാഹാരക്കുറവ് തിരിച്ചറിയുന്ന കുട്ടികൾക്ക് അധിക ഭക്ഷണ സപ്ലിമെന്റുകൾക്ക് അർഹതയുണ്ട്., കുട്ടികൾ‌ക്കും ക o മാരക്കാർ‌ക്കും മുൻ‌ഗണനകൾ‌ക്കുമുള്ള പോഷക ഫലങ്ങൾ‌ മെച്ചപ്പെടുത്തുന്നതിനുള്ള ഇന്ത്യയുടെ മുൻ‌നിര പദ്ധതിയാണ് പോഷൻ‌ അഭിയാൻ.‌, നിലവിൽ ഒരു ഗുണഭോക്താവിന് AWW-ന്റെ സഹായത്തോടെ രജിസ്റ്റർ ചെയ്യാം, ഗർഭിണികൾ, മുലയൂട്ടുന്ന അമ്മമാർ, 6 മാസം മുതൽ 3 വയസ്സ് വരെയുള്ള കുട്ടികൾ, കൗമാരക്കാരായ പെൺകുട്ടികൾ., ജനനത്തീയതി നൽകുക, ലിംഗഭേദം തിരഞ്ഞെടുക്കുക, ഒരു ഗുണഭോക്താവിന് അവന്റെ/അവളുടെ AWC മാറ്റാൻ കഴിയുമോ?, ചൂടുള്ള പാകം ചെയ്ത ഭക്ഷണം, സേവന നിബന്ധനകൾ, ഇല്ല, പോഷൻ ട്രാക്കർ പതിപ്പിന് മാത്രം ലഭ്യമാണ്., കാര്യക്ഷമത അളക്കുക, *ഭാരം 0.90 ത്തിനും 58 നും ഇടയില്‍ ആയിരിക്കണം, സെമി, ഉയരം (സെന്‍റിമീറ്റര്‍), റേഷൻ വീട്ടിലേക്ക് കൊണ്ടുപോകുന്നതിനെക്കുറിച്ച് എനിക്ക് എവിടെ അന്വേഷിക്കാനാകും?, ലോകാരോഗ്യ സംഘടന (ഡബ്ല്യുഎച്ച്ഒ) നിർവചിച്ചിരിക്കുന്ന മാനദണ്ഡങ്ങളെ അടിസ്ഥാനമാക്കി കുട്ടിയുടെ വളർച്ച അളക്കുന്നതിനാണ് പോഷൻ കാൽക്കുലേറ്റർ രൂപകൽപ്പന ചെയ്തിരിക്കുന്നത്., പോഷൻ കാൽക്കുലേറ്റർ എങ്ങനെ ഉപയോഗിക്കാം?, പതിവായി ചോദിക്കുന്ന ചോദ്യങ്ങൾ, ആപ്പ് ഡൗൺലോഡ് ചെയ്യാൻ QR കോഡ് സ്കാൻ ചെയ്യുക, ആൺകുട്ടി, പ്ലേ സ്റ്റോറിൽ നിന്ന് മൊബൈൽ ആപ്പ് ഡൗൺലോഡ് ചെയ്യുക, പോഷൻ കാൽക്കുലേറ്റർ, ടേക്ക് ഹോം റേഷൻ ലഭിക്കാൻ അർഹതയുള്ളത് ആരാണ്?, അധിക സപ്ലിമെന്ററി ഭക്ഷണത്തിന് ആർക്കാണ് അർഹത?, ഒരു ഗുണഭോക്താവിന് ഒരു മാസത്തിൽ കുറഞ്ഞത് 21 ദിവസത്തേക്ക് THR-ന് അർഹതയുണ്ട്., 0 മുതൽ 6 മാസം വരെയുള്ള കുട്ടികൾ, ഭാഷ, വിഭവങ്ങൾ, ജനനതീയതി, വാക്സിനേഷൻ ഷെഡ്യൂൾ, ഒരു ഗുണഭോക്താവിന്റെ യോഗ്യത എന്താണ്?, എന്താണ് പോഷൻ അഭിയാൻ?, ചൂട് പാകം ചെയ്ത ഭക്ഷണത്തെക്കുറിച്ച് എനിക്ക് എവിടെ അന്വേഷിക്കാനാകും?, ഗുണഭോക്താക്കളുടെ പരിഹാരം, പങ്കെടുക്കുന്ന ഹെൽത്ത് കെയർ പ്രൊവൈഡർമാരുമായുള്ള നിങ്ങളുടെ ആശയവിനിമയം ഇത് പ്രാപ്തമാക്കുന്നു, കൂടാതെ നിങ്ങളുടെ ഡിജിറ്റൽ ലാബ് റിപ്പോർട്ടുകൾ, കുറിപ്പടികൾ, രോഗനിർണയം എന്നിവ പരിശോധിച്ചുറപ്പിച്ച ഹെൽത്ത് കെയർ പ്രൊഫഷണലുകളിൽ നിന്നും ആരോഗ്യ സേവന ദാതാക്കളിൽ നിന്നും പരിധികളില്ലാതെ സ്വീകരിക്കാനും നിങ്ങളെ അനുവദിക്കുന്നു., ആപ്പിൾ ഐ സ്റ്റോറിലും പോഷൻ ട്രാക്ക് ആപ്ലിക്കേഷൻ ലഭ്യമാണോ?, ഇപ്പോൾ ചേരുക, മൊബൈൽ ആപ്പ് ഡൗൺലോഡ് ചെയ്യുക, സെന്റിമീറ്ററിൽ ഉയരം നൽകുക"
தமிழ்,"ஷோ ரிசல்ட்ஸ் என்பதைக் கிளிக் செய்யவும், கர்ப்பிணிப் பெண்கள், பாலூட்டும் தாய்மார்கள், 6 மாதங்கள் முதல் 3 வயது வரையிலான குழந்தைகள் மற்றும் பருவப் பெண்கள்., ஆப்பிள் ஐ ஸ்டோரிலும் போஷன் டிராக்ஸ் பயன்பாடு கிடைக்குமா?, கர்ப்பிணி பெண்கள், போஷன் டிராக்கர் பயன்பாட்டை மொபைலில் நிறுவ குறைந்தபட்ச தேவை என்ன?, போஷன் டிராக்கரில் புதிதாக என்ன இருக்கிறது, எல்லா FAQ-களையும் காணுங்கள், போஷான் டிராக்கர் பயன்பாட்டின் நோக்கம் அங்கன்வாடி மையத்தின் (ஏ.டபிள்யூ.சி) செயல்பாடுகள், அங்கன்வாடி தொழிலாளர்களின் சேவை வழங்கல்கள் (ஏ.டபிள்யூ.டபிள்யூ) மற்றும் கர்ப்பிணிப் பெண்கள், பாலூட்டும் தாய்மார்கள் மற்றும் குழந்தைகளுக்கான முழுமையான பயனாளி மேலாண்மை பற்றிய 360 டிகிரி பார்வையை வழங்குவதாகும். முன்மொழியப்பட்ட அமைப்பு வரையறுக்கப்பட்ட குறிகாட்டிகளில் அனைத்து AWC கள், AWW கள் மற்றும் பயனாளிகளின் நிகழ்நேர கண்காணிப்பு மற்றும் கண்காணிப்பை செயல்படுத்த வேண்டும்., போஷன் டிராக்கர் அபிபி ஐ எவ்வாறு பதிவிறக்கம் செய்யலாம்?, உயரம் (செ.மீ.), தனியுரிமைக் கொள்கை, இது சுகாதார வழங்குநர்களுடன் உங்கள் தொடர்புகளை செயல்படுத்துகிறது, மேலும் சுகாதார நிபுணர்கள் மற்றும் சுகாதார சேவை வழங்குநர்களிடமிருந்து உங்கள் டிஜிட்டல் ஆய்வக அறிக்கைகள், மருந்துச்சீட்டுகள் மற்றும் நோயறிதல் ஆகியவற்றை தடையின்றி பெற அனுமதிக்கிறது., மேலும் அறிக, ரோஷன் டிராக்கர் புதிய அறிக்கைகள் அம்சத்தைச் சேர்க்கிறது, உலக சுகாதார அமைப்பு (WHO) வரையறுத்துள்ள தரநிலைகளின் அடிப்படையில் குழந்தையின் வளர்ச்சியை அளவிடும் வகையில் போஷன் கால்குலேட்டர் வடிவமைக்கப்பட்டுள்ளது., 6 மாதங்கள் முதல் 3 ஆண்டுகள் வரை உள்ள குழந்தைகள், வீட்டு ரேஷன் எடுத்துக் கொள்ளுங்கள், கூடுதல் துணை உணவுக்கு யார் தகுதியானவர்., ரோஷன் டிராக்கர் புதிய பயன்பாடு அம்சங்களைச் சேர்க்கிறது, ., தடுப்பூசி அட்டவணை, வளங்கள், சூடான சமைத்த உணவைப் பற்றி நான் எங்கே கேட்கலாம்?, அடிக்கடி கேட்கப்படும் கேள்விகள், உதவி மேசை, உள்நுழைவு, உங்கள் அங்கன்வாடி மையத்தைத் தொடர்பு கொள்ளவும்., போஷான் டிராக்கர் பயன்பாட்டை ஆண்ட்ராய்டு பதிப்பு 6.0 மற்றும் அதற்கு மேற்பட்ட ஆண்ட்ராய்டு தொலைபேசியில் மட்டுமே நிறுவ முடியும்., அங்கண்வாடி ஊழியர் பயிற்சி, சேவை விதிமுறைகள், தற்போது ஒரு பயனாளி AWW இன் உதவியுடன் பதிவு செய்யலாம், பற்றி, கூடுதல் துணை உணவுக்கு யார் தகுதியானவர்?, வீடியோ கான்பரன்ஸ் மூலம் தற்போது நாம், டாஷ்போர்டு, போஷன் கால்குலேட்டரை எவ்வாறு பயன்படுத்துவது?, மொபைல் பயன்பாட்டைப் பதிவிறக்கவும், போஷன் கால்குலேட்டர், இல்லை, போஷன் டிராக்கர் ஆண்ட்ராய்டு பதிப்பை மட்டுமே கிடைக்கிறது, ஆதரவு, ஒரு பயனாளி விண்ணப்பத்தைப் பயன்படுத்தி நேரடியாகப் பதிவு செய்ய முடியுமா., போஷன் அபியான் என்றால் என்ன?, Play Store இலிருந்து மொபைல் பயன்பாட்டைப் பதிவிறக்கவும், சூடான சமைத்த உணவு, அனைத்து, அங்கன்வாடி பணியாளர்கள், போஷன் டிராக்கரைத் தொடங்குவதன் நோக்கம் என்ன?, கூகிள் பிளேஸ்டோர் மூலம் போஷன் டிராக்கர் பயன்பாடு, மொழி, இப்போது சேரவும், கி.கி., பயன்பாட்டைப் பதிவிறக்க QR கோடை ஸ்கேன் செய்யவும், *உயரம் 38-க்கும் 150-க்கும் இடையே இருக்க வேண்டும், உயரத்தை சென்டிமீட்டரில் உள்ளிடவும், ஒரு பயனாளி ஒரு மாதத்தில் குறைந்தது 21 நாட்களுக்கு THRக்கு தகுதியுடையவர்., ஒரு பயனாளி தனது AWCயை மாற்ற முடியுமா?, தொழில், பிறந்த தேதியை உள்ளிடவும், முடிவுகளைக் காட்டவும், திங்கள் முதல் வெள்ளி வரை, செ.மீ., பயனாளிகளுக்கு 6 பிரிவுகள் உள்ளன, வாலிபப் பெண்கள், பாலினம், பிறந்த தேதி, 0 முதல் 6 மாதங்கள் வரை உள்ள குழந்தைகள், பாலூட்டும் தாய்மார்கள், எடையை கிலோகிராமில் உள்ளிடவும், ஒரு பயனாளியின் தகுதி என்ன?, ஒரு பயனாளி யார்?, சிறுவன், ரோஷன் இணையதள அம்சத்தில் புதிய வளங்களைச் சேர்க்கிறது, 3 வயது முதல் 6 வயது வரை இருக்கும் குழந்தைகள், *எடை 0.90-க்கும் 58-க்கும் இடையே இருக்க வேண்டும், பயனாளிகளின் தீர்வு, எடை (கி.கி.), செயல்திறனை அளவீடு செய்தல், ஒரு பயனாளி ஒரு மாதத்தில் குறைந்தது 21 நாட்களுக்கு HCM க்கு தகுதியுடையவர்., போஷன் அபியான் என்பது குழந்தைகள், இளம் பருவத்தினர், முன்னுரிமைக்கான ஊட்டச்சத்து விளைவுகளை மேம்படுத்துவதற்கான இந்தியாவின் முதன்மை திட்டமாகும்., பாலினத்தைத் தேர்ந்தெடுக்கவும், வீட்டிற்கு எடுத்துச் செல்லும் ரேஷன் பற்றி நான் எங்கே கேட்கலாம்?, AWW ஆனது ஒரு பயனாளியை அவர்களின் ஆதார் எண்ணின் அடிப்படையில் ஒரு AWC இலிருந்து மற்றொரு AWC க்கு நகர்த்துவதற்கு 'Migrate Beneficiary' விருப்பத்தைப் பயன்படுத்தலாம்., ஊட்டச்சத்து குறைபாடு உள்ள குழந்தைகள் கூடுதல் உணவுப் பொருட்களுக்கு தகுதியுடையவர்கள்., உங்கள் அங்கன்வாடி பணியாளரை தொடர்பு கொள்ளவும்., மாநில உதவி மையம், பயனாளிகளின் பதிவு, சூடான சமைத்த உணவுக்கு யார் தகுதியானவர்?, மாநில காணொளி மாநாடு, வீட்டுக்கு ரேஷன் எடுத்துச் செல்ல யார் தகுதியானவர்?, சிறுமி, 3 வயது முதல் 6 வயது வரையிலான குழந்தைகள்"
తెలుగు,"3 సంవత్సరాల నుంచి 6 సంవత్సరాల వయస్సు గల పిల్లలు, సహాయంగా, లబ్ధిదారుడు నెలలో కనీసం 21 రోజులపాటు HCMకు అర్హత కలిగి ఉంటాడు., *ఎత్తు 38 నుండి 150 మధ్య ఉండాలి, గర్భిణీ స్త్రీలు, పాలిచ్చే తల్లులు, 6 నెలల నుండి 3 సంవత్సరాల వరకు పిల్లలు మరియు కౌమార బాలికలు., పోషన్ ట్రాకర్ కొత్త అప్లికేషన్ ఫీచర్‌లను జోడిస్తుంది, కెరీర్ లు, పోషణ్ ట్రాకర్ లో కొత్తగా ఏమిటి, దయచేసి మీ సంబంధిత అంగన్ వాడీ కేంద్రాన్ని సంప్రదించండి., మొబైల్ యాప్ డౌన్ లోడ్ చేసుకోండి, ఇది ఆరోగ్య సంరక్షణ ప్రదాతలతో మీ పరస్పర చర్యకు వీలు కల్పిస్తుంది, మరియు ధృవీకరించబడిన ఆరోగ్య సంరక్షణ నిపుణులు మరియు ఆరోగ్య సేవా ప్రదాతల నుండి మీ డిజిటల్ ల్యాబ్ రిపోర్టులు, ప్రిస్క్రిప్షన్లు మరియు రోగనిర్ధారణను నిరంతరాయంగా అందుకోవడానికి మిమ్మల్ని అనుమతిస్తుంది., పాలిచ్చే తల్లి, పోషన్ ట్రాకర్ యాప్‌ను ఆండ్రాయిడ్ ఫోన్‌లో ఆండ్రాయిడ్ వెర్షన్ 6.0 మరియు అంతకంటే ఎక్కువ ఉంటే ఇన్‌స్టాల్ చేయవచ్చు., సేవా నిబంధనలు, భాష, ఒక AWC నుంచి మరో AWCకి వారి ఆధార్ నెంబరు ఆధారంగా లబ్ధిదారుడిని మైగ్రేట్ చేయడం కొరకు 'మైగ్రేట్ బెనిఫిషియరీ' ఆప్షన్ ని AWW ఉపయోగించుకోవచ్చు., లబ్ధిదారుని యొక్క అర్హత ఏమిటి?, 6 నెలల నుంచి 3 సంవత్సరాల పిల్లలు, పోషణ కాలిక్యులేటర్ ను ఎలా ఉపయోగించాలి?, హాట్ కూకేడ్ మిల్, బరువు (కిగ్రా), పుట్టిన తేది, షో రిజల్ట్స్ మీద క్లిక్ చేయండి, వ్యాక్సినేషన్ షెడ్యూల్, ఎత్తు (సెంమీ), గోప్యతా విధానం, ఫలితాలను చూపు, తరచుగా అడిగే ప్రశ్నలు, దయచేసి మీ సంబంధిత అంగన్ వాడీ వర్కర్ ని సంప్రదించండి., వనరులు, కిగ్రా, అంగన్‌వాడీ కార్యకర్త శిక్షణ, టేక్ హోమ్ రేషన్ గురించి నేను ఎక్కడ విచారించగలను?, అదనపు అనుబంధ ఆహారానికి ఎవరు అర్హులు?, పోషన్ ట్రాకర్ వెబ్‌సైట్ ఫీచర్‌లో కొత్త వనరులను జోడిస్తుంది, 3 సంవత్సరాల నుండి 6 సంవత్సరాల వరకు పిల్లలు, టేక్ హోమ్ రేషన్, పోషన్ ట్రాకర్ యాప్ ని ఎలా డౌన్‌లోడ్ చేసుకోవచ్చు?, ప్లే స్టోర్ నుంచి మొబైల్ యాప్ డౌన్ లోడ్ చేసుకోండి, లబ్ధిదారుడు అప్లికేషన్ ఉపయోగించి నేరుగా రిజిస్టర్ చేసుకోవచ్చా., బరువును కిలోగ్రామ్ లో నమోదు చేయండి, యాప్ డౌన్ లోడ్ చేసుకోవడం కొరకు QR కోడ్ స్కాన్ చేయండి, పోషన్ ట్రాకర్‌ను ప్రారంభించడం యొక్క ఉద్దేశ్యం ఏమిటి?, ఎత్తును సెంటీమీటర్ లో ఎంటర్ చేయండి, లబ్ధిదారుడు ఎవరు?, లబ్ధిదారుడు నెలలో కనీసం 21 రోజులపాటు THR పొందడానికి అర్హులు., అన్ని తరచుగా అడిగే ప్రశ్నలను వీక్షించండి, మరిన్ని తెలుసుకోండి, గురించి, తరచూ అడిగే ప్రశ్నలు, హాట్ కూకేడ్ మిల్ గురించి నేను ఎక్కడ విచారించగలను?, పోషణ్ కాలిక్యులేటర్, అమ్మాయి, అందరు, అబ్బాయి, మొబైల్‌లో పోషన్ ట్రాకర్ యాప్‌ను ఇన్‌స్టాల్ చేయడానికి కనీస అవసరం ఏమిటి?, సామర్థ్యాన్ని కొలవడం, సెంమీ, లబ్ధిదారుని పరిహారము, మేము ఇప్పుడు వీడియో కాన్ఫరెన్స్ లో అందుబాటులో ఉన్నాము, కౌమార బాలికలు, అంగన్ వాడీ కార్యకర్తలు, టేక్ హోమ్ రేషన్ కు ఎవరు అర్హులు?, పుట్టిన తేదీని నమోదు చేయండి, లింగాన్ని ఎంచుకోండి, హెల్ప్ డెస్క్, పోషాన్ ట్రాకర్ అనువర్తనం గూగుల్ ప్లేస్టోర్ ద్వారా అందుబాటులో ఉంది, పోషన్ ట్రాకర్ అప్లికేషన్ యొక్క ఉద్దేశ్యం అంగన్వాడీ సెంటర్ (ఎడబ్ల్యుసి), అంగన్వాడీ వర్కర్స్ (ఎడబ్ల్యుడబ్ల్యు) యొక్క సర్వీస్ డెలివరీలు మరియు గర్భిణీ స్త్రీలు, పాలిచ్చే తల్లులు మరియు పిల్లలకు పూర్తి లబ్ధిదారుల నిర్వహణ గురించి 360 డిగ్రీల వీక్షణను అందించడం. ప్రతిపాదిత వ్యవస్థ నిర్వచించిన సూచికలపై అన్ని (ఎడబ్ల్యుసి), (ఎడబ్ల్యుడబ్ల్యు) మరియు లబ్ధిదారుల యొక్క రియల్ -టైమ్ పర్యవేక్షణ మరియు ట్రాకింగ్‌ను ప్రారంభించాలి., ఆండ్రాయిడ్ వెర్షన్ కోసం మాత్రమే పోషన్ ట్రాకర్ అందుబాటులో ఉంది., లబ్ధిదారుడు అతడి/ఆమె AWC ని మార్చవచ్చా?, 0 నుంచి 6 నెలల పిల్లలు, ప్రపంచ ఆరోగ్య సంస్థ (WHO) ద్వారా నిర్వచించబడ్డ ప్రమాణాల ఆధారంగా బిడ్డ ఎదుగుదలను లెక్కించడం కొరకు పోషణ్ కాలిక్యులేటర్ తాయారు చేసారు., రాష్ట్ర వీడియో కాన్ఫరెన్స్, డాష్బోర్డ్, పోషన్ అభియాన్ అంటే ఏమిటి?, *బరువు 0.90 నుండి 58 మధ్య ఉండాలి, లింగం, లాగిన్, స్టేట్ హెల్ప్ డెస్క్, లబ్ధిదారుల కొరకు 6 కేటగిరీలు ఉన్నాయి, హాట్ కూకేడ్ మిల్ ఎవరు అర్హులు?, ప్రస్తుతం ఒక లబ్ధిదారుడు AWW యొక్క సాయంతో రిజిస్టర్ చేసుకోవచ్చు, సాంకేతిక పరిజ్ఞానం, లక్ష్యంగా ఉన్న విధానం మరియు కలయిక ద్వారా పిల్లలు, కౌమారదశలు, గర్భిణీ స్త్రీలు మరియు పాలిచ్చే తల్లులకు పోషక ఫలితాలను మెరుగుపరిచేందుకు భారతదేశం యొక్క ప్రధాన కార్యక్రమం పోషన్ అభియాన్., ఇప్పుడు చేరండి, అదనపు అనుబంధ ఆహారానికి ఎవరు అర్హులు., గర్భిణీ స్త్రీలు, పోషన్ ట్రాకర్ కొత్త రిపోర్ట్స్ ఫీచర్‌ని జోడిస్తుంది, పోషకాహార లోపంగా గుర్తించిన పిల్లలు అదనపు ఆహార అనుబంధాలకు అర్హులు., సోమవారం నుండి శుక్రవారం వరకు, ఆపిల్ ఐ స్టోర్ ద్వారా పోషన్ ట్రాక్ యాప్ అందుబాటులో ఉందా?, లబ్ధిదారుడి రిజిస్ట్రేషన్"
বাংলা,"পরিমাপ দক্ষতা, পশান অভিযান কি?, পোশান ট্র্যাকার ওয়েবসাইট বৈশিষ্ট্যে নতুন সংস্থান যোগ করে, অঙ্গনওয়াড়ি কর্মীরা, একজন সুবিধাভোগী মাসে অন্তত 21 দিনের জন্য HCM পাওয়ার যোগ্য।, গোপনীয়তা নীতি, পোশান ট্র্যাকার নতুন অ্যাপ্লিকেশন বৈশিষ্ট্য যোগ করে, পশান ট্র্যাকার চালু করার উদ্দেশ্য কী?, পোশান ক্যালকুলেটর, সব প্রায়শ জিজ্ঞাসিত প্রশ্ন (FAQ) দেখুন, এখনি যোগদান করুন, অ্যাপটি ডাউনলোড করতে QR কোড স্ক্যান করুন, *ওজন 0.90 থেকে 58-এর মধ্যে হওয়া উচিত, রাজ্য হেল্পডেস্ক, যেসব শিশুদের মধ্যে পুষ্টির ঘাটতি চিহ্নিত করা হয়েছে তারা অতিরিক্ত খাদ্য সম্পূরক পাওয়ার যোগ্য।, সব, গরম রান্না করা খাবার, টিকা দেওয়ার সময়সূচী, বাড়িতে নিয়ে যাওয়ার জন্য রেশনের ব্যাপারে আমি কোথায় জিজ্ঞাসা করতে পারি?, পরিষেবা পাওয়ার শর্ত, ফলাফল প্রদর্শন করুন, হেল্পডেস্ক, ড্যাশবোর্ড, *উচ্চতা 38 থেকে 150-এর মধ্যে হওয়া উচিত, জন্ম তারিখ, আরও জানুন, ভাষা, একজন সুবিধাভোগী কি তার AWC পরিবর্তন করতে পারেন?, ছেলে, জন্মের তারিখ লিখুন, আমি কোথায় গরম রান্না করা খাবার সম্পর্কে জিজ্ঞাসা করতে পারি?, সুবিধাভোগী প্রতিকার, পশান ট্র্যাকার অ্যাপ্লিকেশন গুগল প্লেস্টোর, মোবাইলে পশান ট্র্যাকার অ্যাপটি ইনস্টল করার জন্য ন্যূনতম প্রয়োজনীয়তা কী?, সচরাচর জিজ্ঞাস্য প্রশ্ন, 0 থেকে 6 মাস পর্যন্ত বয়সী শিশুরা, পশান অভিযান হ'ল শিশু, কিশোর, গর্ভবতীদের পুষ্টির ফলাফল উন্নত করার জন্য ভারতের এক নিজস্ব কর্মসূচি।, কারা অতিরিক্ত সম্পূরক খাদ্য পাওয়ার জন্য যোগ্য।, সেন্টিমিটারে উচ্চতা লিখুন, কেরিয়ার, লিংগ নির্বাচন করুন, সেন্টিমিটার, 6 মাস থেকে 3 বছর পর্যন্ত বয়সী শিশুরা, না , পশান ট্র্যাকারস অ্যাপটি শুধুমাত্র অ্যান্ড্রয়েড ভার্সানের জন্য উপলব্ধ।, একজন সুবিধাভোগী কি অ্যাপ্লিকেশনটি ব্যবহার করে সরাসরি নিবন্ধন করতে পারেন।, সহায়তা, পোশান ট্র্যাকার একটি নতুন রিপোর্ট বৈশিষ্ট্য যোগ করেছে, অনুগ্রহ করে আপনার নিজ নিজ অঙ্গনওয়াড়ি কর্মীর সাথে যোগাযোগ করুন।, কে বাড়িতে নিয়ে যাওয়ার জন্য রেশনের পাওয়ার যোগ্য?, সংস্থান, গর্ভবতী মহিলা, স্তন্যদানকারী মা, 6 মাস থেকে 3 বছর বয়সী শিশু এবং কিশোরী মেয়েরা।, সোম থেকে শুক্র, কিলোগ্রামে ওজন লিখুন, পোশান ক্যালকুলেটর বিশ্ব স্বাস্থ্য সংস্থা (WHO) দ্বারা সংজ্ঞায়িত মানগুলির উপর ভিত্তি করে শিশুদের বৃদ্ধি পরিমাপ করার জন্য ডিজাইন করা হয়েছে।., সুবিধাভোগীর নিবন্ধন, আমরা এখন ভিডিও কনফারেন্সে উপলব্ধ, কেজি, অনুগ্রহ করে আপনার নিজ নিজ অঙ্গনওয়াড়ি কেন্দ্রে যোগাযোগ করুন।, পোশান ট্র্যাকারে নতুন কি আছে, পোষান ক্যালকুলেটর কিভাবে ব্যবহার করবেন?, রেজাল্ট দেখান-এ ক্লিক করুন, বর্তমানে একজন সুবিধাভোগী AWW এর সাহায্যে নিবন্ধন করতে পারেন, মোবাইল অ্যাপটি ডাউনলোড করুন, ওজন (কেজি), কিশোরী মেয়েরা, লগইন, অ্যাপল আই স্টোরের উপরেও কি পশান ট্র্যাকস অ্যাপ পাওয়া যায়?, এটি অংশগ্রহণকারী স্বাস্থ্যসেবা প্রদানকারীদের সাথে আপনার মিথস্ক্রিয়াকে সক্ষম করে এবং আপনাকে আপনার ডিজিটাল ল্যাব রিপোর্ট, প্রেসক্রিপশন এবং নির্ণয়ের যাচাইকৃত স্বাস্থ্যসেবা পেশাদার এবং স্বাস্থ্য পরিষেবা প্রদানকারীদের কাছ থেকে নির্বিঘ্নে পেতে অনুমতি দেয়।, প্লে স্টোর থেকে মোবাইল অ্যাপ ডাউনলোড করুন, উচ্চতা (সেমি), একজন সুবিধাভোগী কে?, লিঙ্গ, কে অতিরিক্ত সম্পূরক খাদ্য পাওয়ার যোগ্য?, বিষয়, কীভাবে একজন পশান ট্র্যাকার অ্যাপ্লিকেশন ডাউনলোড করতে পারেন?, একটি AWW একটি AWC থেকে অন্য AWC-তে তাদের আধার নম্বরের ভিত্তিতে স্থানান্তর করতে 'মাইগ্রেট বেনিফিশিয়ারি' বিকল্প ব্যবহার করতে পারেন।, মেয়ে, একজন সুবিধাভোগীর কি যোগ্যতা থাকতে হবে?, রাজ্য ভিডিও কনফারেন্স, স্তন্যদানকারী মা, একজন সুবিধাভোগী মাসে অন্তত 21 দিনের জন্য THR পাওয়ার যোগ্য।, 3 বছর থেকে 6 বছর পর্যন্ত বয়সী শিশুরা, পশান ট্র্যাকার অ্যাপটি কেবল ৬.০ এবং তারপরের অ্যান্ড্রয়েড ভার্সানের অ্যান্ড্রয়েড ফোনে ইনস্টল করা যেতে পারে।, 3 বছর থেকে 6 বছর বয়সী শিশুরা, সুবিধাভোগীদের 6টি বিভাগ রয়েছে, গর্ভবতী মহিলা, কারা গরম রান্না করা খাবারের জন্য যোগ্য?, পশান ট্র্যাকার অ্যাপ্লিকেশনটির উদ্দেশ্য হ'ল অঙ্গনবাদী কেন্দ্রের (AWC) কার্যক্রমের ৩৬০ ডিগ্রি ভিউ, অঙ্গনওয়াড়ি কর্মীদের সেবা সরবরাহ এবং গর্ভবতী মহিলাদের, স্তন্যদানকারী মা ও শিশুদের জন্য সম্পূর্ণ উপকারভোগী ব্যবস্থাপনার ব্যবস্থা করা। প্রস্তাবিত সিস্টেমে নির্ধারিত সূচকগুলিতে সমস্ত AWC, AWW এবং সুবিধাভোগীদের রিয়েল-টাইম মনিটরিং এবং ট্র্যাকিং সক্ষম করতে হবে।, বাড়িতে নিয়ে যাওয়ার জন্য রেশন, অঙ্গনওয়াড়ি কর্মীদের প্রশিক্ষণ"
অসমীয়া,"Privacy Policy, এগৰাকী হিতাধিকাৰী কোন হয়?, ওজন (KG), ৰাজ্যিক হেল্পডেস্ক, নাই, পোষণ ট্ৰেকাৰ কেৱল এণ্ড্ৰইড সংস্কৰণৰ বাবে উপলব্ধ।, KG, পোষণ কেলকুলেটৰ, এগৰাকী হিতাধিকাৰী এমাহত অতিকেমও 21 দিনৰ বাবে HCM-ৰ বাবে যোগ্যতা অৰ্জন কৰে৷, *ওজন 0.90 ৰ পৰা 58 ৰ ভিতৰত হ'ব লাগে, 6 মাহৰ পৰা 3 বছৰৰ শিশু, হ’ট কুকড মীলৰ বাবে কোন যোগ্য?, ফলাফল দেখুৱাওক, এগৰাকী হিতাধিকাৰী হোৱাৰ যোগ্যতা কি?, এপটো ডাউনলোড কৰিবলৈ QR কোডটো স্কেন কৰক, অতিৰিক্ত পৰিপূৰক খাদ্যৰ বাবে কোন যোগ্য।, ।, অনুগ্ৰহ কৰি আপোনাৰ সংশ্লিষ্ট অংগনৱাড়ী কেন্দ্ৰত যোগাযোগ কৰক৷, *উচ্চতা 38 ৰ পৰা 150 ৰ ভিতৰত হ'ব লাগে, এতিয়াই যোগদান কৰক, পোষণ অভিযান কি?, এগৰাকী AWW-য়ে তেওঁলোকৰ আধাৰ নম্বৰৰ ভিত্তিত এটা AWC-ৰ পৰা আন এটা AWC-লৈ এগৰাকী হিতাধিকাৰীক মাইগ্ৰেট কৰিবলৈ ’মাইগ্ৰেট বেনিফিচিয়েৰী’ বিকল্পটো ব্যৱহাৰ কৰিব পাৰে৷।, স্তন্যপান কৰোৱা মহিলা, শিশু সকল যি পুষ্টিৰ অভাৱত ভোগা বুলি চিনাক্ত হৈছে তেওঁলোক অতিৰিক্ত খাদ্যৰ পৰিপূৰকৰ বাবে যোগ্য৷, এগৰাকী হিতাধিকাৰী এমাহত অতিকেমও 21 দিনৰ বাবে THR-ৰ বাবে যোগ্যতা অৰ্জন কৰে৷।, বৰ্তমান এগৰাকী হিতাধিকাৰীয়ে এটা AWW-ৰ সহায়ত পঞ্জীয়ন কৰিব পাৰে, 3 বছৰৰ পৰা 6 বছৰ সময় সীমাৰ ভিতৰত শিশুসকল, 3 বছৰৰ পৰা 6 বছৰৰ শিশু, টেক-হোম ৰেচন, 0 ৰ পৰা 6 মাহৰ শিশু, ৰাজ্যিক ভিডিঅ' সন্মিলন, হেল্পডেস্ক, আমি এতিয়া ভিডিঅ' কনফাৰেন্সত উপলব্ধ, পোশান ট্ৰেকাৰে নতুন প্ৰতিবেদন সুবিধা যোগ কৰিছে, শিশু, বয়ঃসন্ধিকাল, গৰ্ভাৱস্থাৰ বাবে পুষ্টিৰ ফলাফল উন্নত কৰাৰ বাবে পোষণ অভিযান হৈছে ভাৰতৰ মুখ্য কাৰ্যসূচী।, ৰিজাল্ট দেখুৱাওকত ক্লিক কৰক, পোষণ কেলকুলেটৰ বিশ্ব স্বাস্থ্য সংস্থা (WHO) ৰ দ্বাৰা নিৰ্ধাৰিত মানৰ ওপৰত ভিত্তি কৰি শিশুৰ বিকাশ জুখিবলৈ সাজি উলিওৱা হৈছে., লগইন কৰক, লিংগ বাচনি কৰক, অংগনৱাড়ী কৰ্মী, অতিৰিক্ত পৰিপূৰক খাদ্যৰ বাবে কোন যোগ্য?, অংগনৱাড়ী কৰ্মী প্ৰশিক্ষণ, কিশোৰী, হিতাধিকাৰীৰ প্ৰতিবিধান, অনুগ্ৰহ কৰি আপোনাৰ সংশ্লিষ্ট অংগনৱাড়ী কৰ্মীক যোগাযোগ কৰক৷।, পোশান ট্ৰেকাৰে ৱেবছাইট সুবিধাত নতুন সমল যোগ কৰে, পোষণ ট্ৰেকাৰ এপ কেৱল এণ্ড্ৰইড ফোনত এণ্ড্ৰইড সংস্কৰণ ৬.০ আৰু ততোধিকৰ সৈতে ইনষ্টল কৰিব পাৰি।, দক্ষতা জোখা, টেক হোম ৰেচনৰ বিষয়ে মই ক’ত খবৰ কৰিব পাৰো?, পোষণ ট্ৰেকাৰ এপ কেনেকৈ ডাউনলোড কৰিব পাৰি?, Terms of Service, ইয়াৰ বিষয়ে, পোচন ট্ৰেকাৰ এপ্প গুগল প্লেষ্ট'ৰত উপলব্ধ, ওজন কিলোগ্ৰামত প্ৰদান কৰক, জন্মৰ তাৰিখ, গৰ্ভৱতী মহিলা, স্তন্যপান কৰোৱা মহিলা, 6 মাহৰ পৰা 3 বছৰৰ শিশু আৰু কিশোৰী।, মানডে তো ফ্রাইডে, ল’ৰা, পোষণ ট্ৰেকাৰ আবেদনৰ উদ্দেশ্য হৈছে অংগনৱাড়ী কেন্দ্ৰৰ (AWC) কাৰ্যকলাপৰ ৩৬০ ডিগ্ৰী দৰ্শন, অংগনৱাড়ী কৰ্মীসকলৰ সেৱা প্ৰদান আৰু গৰ্ভৱতী মহিলা, স্তন্যপান কৰাই থকা মাতৃ আৰু শিশুৰ বাবে সম্পূৰ্ণ হিতাধিকাৰী ব্যৱস্থাপনা। প্ৰস্তাৱিত প্ৰণালীটোৱে নিৰ্ধাৰিত অভিযুক্তসকলৰ ওপৰত সকলো AWC, AWW আৰু হিতাধিকাৰীৰ বাস্তৱ-সময় নিৰীক্ষণ আৰু ট্ৰেকিং সক্ষম কৰিব লাগে।, টিকাকৰণৰ সূচী, ল্যাঙ্গুয়েজে, পোশান ট্ৰেকাৰে নতুন এপ্লিকেচন সুবিধা যোগ কৰে, উচ্চতা (CM), পোষণ ট্ৰেকাৰ আৰম্ভ কৰা উদ্দেশ্যে কি?, অধিক জানিব, হিতাধিকাৰীসকলৰ বাবে 6 টা শ্ৰেণী থাকে, কেৰিয়াৰ, CM, পোষণ ট্ৰেকাৰত নতুন কি উপলব্ধ, এগৰাকী হিতাধিকাৰীয়ে পোনপটীয়াকৈ এপ্লিকেচন ব্যৱহাৰ কৰি পঞ্জীয়ন কৰিব পাৰিব নে৷।, হ’ট কুকড মীলৰ বিষয়ে মই ক’ত খবৰ কৰিব পাৰো?, সমল, গৰম ৰন্ধা খাদ্য, লিঙ্গ, ই অংশগ্ৰহণকাৰী স্বাস্থ্যসেৱা যোগানকাৰী সকলৰ সৈতে আপোনাৰ ভাৱ-বিনিময় সক্ষম কৰি তোলে, আৰু আপোনাৰ ডিজিটেল লেব ৰিপোৰ্ট, প্ৰেচক্ৰিপচন আৰু ডায়েগনচিছ পৰীক্ষিত স্বাস্থ্যসেৱাৰ লোক আৰু স্বাস্থ্য সেৱা যোগানকাৰীৰ পৰা সুন্দৰভাৱে লাভ কৰিবলৈ সক্ষম কৰি তোলে৷।, গৰ্ভৱতী মহিলা, পোচান ট্ৰেকএপটো এপল আই ষ্টোৰত উপলব্ধ নেকি?, টেক হোম ৰেচনৰ বাবে কোনে যোগ্যতা অৰ্জন কৰে?, পোষণ কেলকুলেটৰ কেনেদৰে ব্যৱহাৰ কৰিব লাগে?, সকলো FAQ সমূহ দৰ্শন কৰক, হিতাধিকাৰীৰ পঞ্জীয়ন, সকলো, মোবাইল এপ ডাউনলোড কৰক, ছোৱালী, এগৰাকী হিতাধিকাৰীয়ে তেওঁৰ AWC সলনি কৰিব পাৰে নে?, জন্মৰ তাৰিখ প্ৰদান কৰক, পৃষ্ঠপোষকতা, ডেশ্ববৰ্ড, ম'বাইলত পোষণ ট্ৰেকাৰ এপ ইনষ্টল কৰাৰ নিম্নতম প্ৰয়োজনীয়তা কি?, উচ্চতা চেন্টিমিটাৰত প্ৰদান কৰক, প্লে ষ্টোৰৰ পৰা মোবাইল এপ ডাউনলোড কৰক, সঘনাই সোধা প্ৰশ্ন সমূহ"
ਪੰਜਾਬੀ,"ਰਾਸ਼ਨ ਘਰ ਲਿਜਾਣ ਲਈ ਕੌਣ ਯੋਗ ਹੈ?, ਗਰਮ ਪਕਾਇਆ ਭੋਜਨ, ਪੋਸ਼ਣ ਟ੍ਰੈਕਰ ਐਪ ਸਿਰਫ ਐਂਡਰਾਇਡ ਫੋਨ ਵਿੱਚ ਐਂਡਰਾਇਡ ਵਰਜ਼ਨ 6.0 ਅਤੇ ਇਸਤੋਂ ਵੱਧ ਦੇ ਨਾਲ ਇੰਸਟੌਲ ਕੀਤਾ ਜਾ ਸਕਦਾ ਹੈ|, ਮੋਬਾਈਲ ਐਪ ਡਾਊਨਲੋਡ ਕਰੋ, ਲਾਭਪਾਤਰੀ ਰਜਿਸਟ੍ਰੇਸ਼ਨ, ਕੁੜੀ, ਅੱਲ੍ਹੜ ਉਮਰ ਦੀਆਂ ਲੜਕੀਆਂ, ਲਾਭਪਾਤਰੀ ਦੀ ਯੋਗਤਾ ਕੀ ਹੈ?, ਸਰੋਤ, ਲਿੰਗ ਚੁਣੋ, ਕੀ ਕੋਈ ਲਾਭਪਾਤਰੀ ਐਪਲੀਕੇਸ਼ਨ ਦੀ ਵਰਤੋਂ ਕਰਕੇ ਸਿੱਧਾ ਰਜਿਸਟਰ ਕਰ ਸਕਦਾ ਹੈ।, ਕਰੀਅਰ, ਸਾਰੇ ਅਕਸਰ ਪੁੱਛੇ ਜਾਂਦੇ ਪ੍ਰਸ਼ਨ ਦੇਖੋ, ਪੋਸ਼ਣ ਟਰੈਕਰ ਐਪਲੀਕੇਸ਼ਨ ਦਾ ਉਦੇਸ਼ ਆਂਗਣਵਾੜੀ ਸੈਂਟਰ (ਏਡਬਲਯੂਸੀ) ਦੀਆਂ ਗਤੀਵਿਧੀਆਂ, ਆਂਗਣਵਾੜੀ ਵਰਕਰਾਂ (ਡਬਲਯੂਡਬਲਯੂਡਬਲਯੂ) ਦੀ ਸੇਵਾ ਸਪੁਰਦਗੀ ਅਤੇ ਗਰਭਵਤੀ ਔਰਤਾਂ, ਦੁੱਧ ਚੁੰਘਾਉਣ ਵਾਲੀਆਂ ਮਾਵਾਂ ਅਤੇ ਬੱਚਿਆਂ ਲਈ ਪੂਰਨ ਲਾਭਪਾਤਰੀ ਪ੍ਰਬੰਧਨ ਦੇ ਕੰਮਾਂ ਦਾ ਇੱਕ 360 ਡਿਗਰੀ ਦ੍ਰਿਸ਼ ਪ੍ਰਦਾਨ ਕਰਨਾ ਹੈ| ਪ੍ਰਸਤਾਵਿਤ ਪ੍ਰਣਾਲੀ ਨੂੰ ਪਰਿਭਾਸ਼ਤ ਸੂਚਕਾਂ ਤੇ ਸਾਰੇ ਏਡਬਲਯੂਸੀ, ਡਬਲਯੂਡਬਲਯੂਡਬਲਯੂ ਅਤੇ ਲਾਭਪਾਤਰੀਆਂ ਦੀ ਅਸਲ-ਸਮੇਂ ਦੀ ਨਿਗਰਾਨੀ ਅਤੇ ਟਰੈਕਿੰਗ ਨੂੰ ਸਮਰੱਥ ਕਰਨਾ ਚਾਹੀਦਾ ਹੈ|, ਨਤੀਜਾ ਦਿਖਾਓ 'ਤੇ ਕਲਿੱਕ ਕਰੋ, ਹੈਲਪਡੈਸਕ, ਰਾਸ਼ਨ ਘਰ ਲਿਜਾਉ, ਪੋਸ਼ਣ ਟ੍ਰੈਕਰ ਐਪ ਗੂਗਲ ਪਲੇਸਟੋਰ, ਦੇ ਬਾਰੇ, ਪੋਸ਼ਣ ਟ੍ਰੈਕਰ ਨੂੰ ਸ਼ੁਰੂ ਕਰਨ ਦਾ ਉਦੇਸ਼ ਕੀ ਹੈ?, ਮੈਂ ਘਰ ਰਾਸ਼ਨ ਲਿਜਾਣ ਬਾਰੇ ਕਿੱਥੇ ਪੁੱਛ ਸਕਦਾ ਹਾਂ?, ਜਿਹੜੇ ਬੱਚੇ ਪੋਸ਼ਣ ਦੀ ਘਾਟ ਵਜੋਂ ਪਛਾਣੇ ਗਏ ਹਨ, ਉਹ ਵਾਧੂ ਪੂਰਕ ਆਹਾਰ ਲਈ ਯੋਗ ਹਨ।, ਐਪ ਡਾਊਨਲੋਡ ਕਰਨ ਲਈ ਕਿਊਆਰ ਕੋਡ ਨੂੰ ਸਕੈਨ ਕਰੋ, ਨਤੀਜੇ ਦਿਖਾਓ, ਸੈਂਟੀਮੀਟਰ ਵਿੱਚ ਉਚਾਈ ਦਰਜ ਕਰੋ, ਕੀ ਕੋਈ ਲਾਭਪਾਤਰੀ ਆਪਣਾ ਆਂਗਨਵਾੜੀ ਸੈਂਟਰ ਬਦਲ ਸਕਦਾ ਹੈ?, ਹੋਰ ਜਾਣੋ, ਕਿਰਪਾ ਕਰਕੇ ਆਪਣੇ ਸਬੰਧਤ ਆਂਗਣਵਾੜੀ ਵਰਕਰ ਨਾਲ ਸੰਪਰਕ ਕਰੋ।, ਕੌਣ ਵਾਧੂ ਪੂਰਕ ਆਹਾਰ ਲਈ ਯੋਗ ਹੈ।, ਰਾਜਸੀ ਵੀਡਿਓ ਕਾਨਫਰੰਸ, https://play.google.com /store/apps/details?id=com.poshantracker, ਪੋਸ਼ਣ ਟ੍ਰੈਕਰ ਵਿੱਚ ਨਵੀਂ ਐਪਲੀਕੇਸ਼ਨ ਵਿਸ਼ੇਸ਼ਤਾ ਜੁੜਦੀ ਹੈ, ਕੁਸ਼ਲਤਾ ਨੂੰ ਮਾਪਣਾ, ਪੋਸ਼ਨ ਕੈਲਕੁਲੇਟਰ ਦੀ ਵਰਤੋਂ ਕਿਵੇਂ ਕਰੀਏ?, ਲਿੰਗ, ਕਿਰਪਾ ਕਰਕੇ ਆਪਣੇ ਸਬੰਧਤ ਆਂਗਣਵਾੜੀ ਕੇਂਦਰ ਨਾਲ ਸੰਪਰਕ ਕਰੋ।, ਅਸੀਂ ਹੁਣ ਵੀਡੀਓ ਕਾਨਫਰੰਸ 'ਤੇ ਉਪਲਬਧ ਹਾਂ, ਮੋਬਾਈਲ ਵਿੱਚ ਪੋਸ਼ਣ ਟ੍ਰੈਕਰ ਐਪ ਨੂੰ ਸਥਾਪਤ ਕਰਨ ਲਈ ਘੱਟੋ ਘੱਟ ਲੋੜ ਕੀ ਹੈ?, ਵਾਧੂ ਪੂਰਕ ਆਹਾਰ ਲਈ ਕੌਣ ਯੋਗ ਹੈ?, ਇਹ ਸਵਾਸਥ ਸੇਵਾ ਪ੍ਰਦਾਨ ਕਰਨ ਲਈ ਭਾਗ ਲੈਣ ਵਾਲਿਆਂ ਨਾਲ ਤੁਹਾਡੀ ਗੱਲਬਾਤ ਨੂੰ ਸਮਰੱਥ ਬਣਾਉਂਦਾ ਹੈ, ਅਤੇ ਤੁਹਾਨੂੰ ਪ੍ਰਮਾਣਿਤ ਸਵਾਸਥ ਸੇਵਾ ਪੇਸ਼ੇਵਰਾਂ ਅਤੇ ਸਿਹਤ ਸੇਵਾ ਪ੍ਰਦਾਤਾਵਾਂ ਤੋਂ ਤੁਹਾਡੀਆਂ ਡਿਜੀਟਲ ਲੈਬ ਰਿਪੋਰਟਾਂ, ਨੁਸਖ਼ੇ ਅਤੇ ਨਿਰਵਿਘਨ ਰੋਗ ਡੀ ਪਛਾਣ ਕਰਨ ਦੀ ਸਹੁਲਤ ਦਿੰਦਾ ਹੈ।, ਇੱਕ ਲਾਭਪਾਤਰੀ ਇੱਕ ਮਹੀਨੇ ਵਿੱਚ ਘੱਟੋ-ਘੱਟ 21 ਦਿਨਾਂ ਲਈ ਐਚਸੀਐਮ ਲਈ ਯੋਗ ਹੁੰਦਾ ਹੈ।, ਕੋਈ ਪੋਸ਼ਣ ਟ੍ਰੈਕਰ ਐਪ ਕਿਵੇਂ ਡਾਊਨਲੋਡ ਕਰ ਸਕਦਾ ਹੈ?, ਗਰਭਵਤੀ ਔਰਤਾਂ, ਪੋਸ਼ਣ ਟ੍ਰੈਕਰ ਵਿੱਚ ਨਵੀਂ ਵੈੱਬਸਾਈਟ ਉੱਤੇ ਸ੍ਰੋਤ ਵਿਸ਼ੇਸ਼ਤਾ ਜੁੜਦੀ ਹੈ, ਆਂਗਣਵਾੜੀ ਕਰਮਚਾਰੀ ਸਿਖਲਾਈ, ਕੱਦ (ਸੈਮੀ), ਜਨਮ ਤਾਰੀਖ, 0 ਤੋਂ 6 ਮਹੀਨੇ ਤੱਕ ਦੇ ਬੱਚੇ, ਪੋਸ਼ਣ ਕੈਲਕੁਲੇਟਰ ਵਿਸ਼ਵ ਸਿਹਤ ਸੰਗਠਨ (ਡਬਲਿਊ ਐਚ ਓ) ਦੁਆਰਾ ਪਰਿਭਾਸ਼ਿਤ ਮਾਪਦੰਡਾਂ ਦੇ ਅਧਾਰ ਤੇ ਬੱਚੇ ਦੇ ਵਿਕਾਸ ਨੂੰ ਮਾਪਣ ਲਈ ਤਿਆਰ ਕੀਤਾ ਗਿਆ ਹੈ।., ਕਿਗ੍ਰਾ, ਲਾਭਪਾਤਰੀਆਂ ਲਈ 6 ਸ਼੍ਰੇਣੀਆਂ ਹਨ, ਹੁਣੇ ਸ਼ਾਮਲ ਹੋਵੋ, ਮੈਂ ਗਰਮ ਪਕਾਏ ਹੋਏ ਭੋਜਨ ਬਾਰੇ ਕਿੱਥੇ ਪੁੱਛ ਸਕਦਾ ਹਾਂ?, ਸੇਵਾ ਦੀਆਂ ਸ਼ਰਤਾਂ, ਗੋਪਨੀਅਤਾ ਨੀਤੀ, ਭਾਸ਼ਾ, ਇੱਕ ਆਂਗਣਵਾੜੀ ਵਰਕਰ ਇੱਕ ਲਾਭਪਾਤਰੀ ਨੂੰ ਇੱਕ ਆਂਗਣਵਾੜੀ ਸੈਂਟਰ ਤੋਂ ਦੂਜੇ ਆਂਗਣਵਾੜੀ ਸੈਂਟਰ ਵਿੱਚ ਉਹਨਾਂ ਦੇ ਆਧਾਰ ਨੰਬਰ ਦੇ ਆਧਾਰ 'ਤੇ ਮਾਈਗ੍ਰੇਟ ਕਰਨ ਲਈ 'ਮਾਈਗ੍ਰੇਟ ਲਾਭਪਾਤਰੀ' ਵਿਕਲਪ ਦੀ ਵਰਤੋਂ ਕਰ ਸਕਦਾ ਹੈ।, 3 ਸਾਲ ਤੋਂ 6 ਸਾਲ ਦੀ ਉਮਰ ਦੇ ਬੱਚੇ, ਵਰਤਮਾਨ ਵਿੱਚ ਇੱਕ ਲਾਭਪਾਤਰੀ ਆਂਗਨਵਾੜੀ ਵਰਕਰ ਦੀ ਮਦਦ ਨਾਲ ਰਜਿਸਟਰ ਕਰ ਸਕਦਾ ਹੈ, ਟੀਕਾਕਰਨ ਅਨੁਸੂਚੀ, ਪੋਸ਼ਣ ਟ੍ਰੈਕਰ ਵਿੱਚ ਨਵੀਂ ਰਿਪੋਰਟ ਵਿਸ਼ੇਸ਼ਤਾ ਜੁੜਦੀ ਹੈ, ਕਿਲੋਗ੍ਰਾਮ ਵਿੱਚ ਵਜ਼ਨ ਦਰਜ ਕਰੋ, ਸਟੇਟ ਹੈਲਪਡੈਸਕ, ਪੋਸ਼ਣ ਟਰੈਕਰ 'ਤੇ ਨਵਾਂ ਕੀ ਹੈ, ਜਨਮ ਮਿਤੀ ਦਰਜ ਕਰੋ, ਕੀ ਪੋਸ਼ਣ ਟ੍ਰੈਕਰ ਐਪ ਐਪਲ ਆਈ ਸਟੋਰ ਉੱਤੇ ਵੀ ਉਪਲਬਧ ਹੈ?, *ਕੱਦ 38 ਤੋਂ 150 ਦੇ ਵਿਚਕਾਰ ਹੋਣਾ ਚਾਹੀਦਾ ਹੈ, ਡੈਸ਼ਬੋਰਡ, ਪੋਸ਼ਣ ਅਭਿਆਨ ਕੀ ਹੈ?, ਗਰਭਵਤੀ ਔਰਤਾਂ, ਦੁੱਧ ਚੁੰਘਾਉਣ ਵਾਲੀਆਂ ਮਾਵਾਂ, 6 ਮਹੀਨੇ ਤੋਂ 3 ਸਾਲ ਤੱਕ ਦੇ ਬੱਚੇ ਅਤੇ ਅੱਲ੍ਹੜ ਉਮਰ ਦੀਆਂ ਲੜਕੀਆਂ।, ਲਾਭਪਾਤਰੀ ਕੌਣ ਹੈ?, ਅਕਸਰ ਪੁੱਛੇ ਜਾਣ ਵਾਲੇ ਪ੍ਰਸ਼ਨ, ਭਾਰ (ਕਿਗ੍ਰਾ), 6 ਮਹੀਨਿਆਂ ਤੋਂ 3 ਸਾਲ ਤੱਕ ਦੇ ਬੱਚੇ, ਸੋਮਵਾਰ ਤੋਂ ਸ਼ੁੱਕਰਵਾਰ, ਤੇ ਉਪਲਬਧ ਹੈ|, *ਭਾਰ 0.90 ਤੋਂ 58 ਦੇ ਵਿਚਕਾਰ ਹੋਣਾ ਚਾਹੀਦਾ ਹੈ, ਲਾਗਇਨ, ਇੱਕ ਲਾਭਪਾਤਰੀ ਇੱਕ ਮਹੀਨੇ ਵਿੱਚ ਘੱਟੋ-ਘੱਟ 21 ਦਿਨਾਂ ਲਈ THR ਲਈ ਯੋਗ ਹੁੰਦਾ ਹੈ।, ਦੁੱਧ ਚੁੰਘਾਉਣ ਵਾਲੀ ਮਾਂ, ਸਾਰੇ, ਆਂਗਣਵਾੜੀ ਵਰਕਰ, ਪਲੇ ਸਟੋਰ ਤੋਂ ਮੋਬਾਈਲ ਐਪ ਡਾਊਨਲੋਡ ਕਰੋ, ਪੋਸ਼ਣ ਕੈਲਕੁਲੇਟਰ (ਗਣਨ ਯੰਤਰ), ਸੈਮੀ, ਗਰਮ ਪਕਾਏ ਹੋਏ ਭੋਜਨ ਲਈ ਕੌਣ ਯੋਗ ਹੈ?, ਲਾਭਪਾਤਰੀ ਨਿਵਾਰਣ, ਸਹਿਯੋਗ, ਕੋਈ ਪੋਸ਼ਣ ਟ੍ਰੈਕਰ ਕੇਵਲ ਐਂਡਰਾਇਡ ਸੰਸਕਰਣ ਲਈ ਉਪਲਬਧ ਨਹੀਂ ਹੈ|, ਪੋਸ਼ਣ ਅਭਿਆਨ, ਬੱਚਿਆਂ, ਕਿਸ਼ੋਰਾਂ, ਗਰਭਵਤੀ ਔਰਤਾਂ ਅਤੇ ਦੁੱਧ ਚੁੰਘਾਉਣ ਵਾਲੀਆਂ ਮਾਵਾਂ ਲਈ ਤਕਨਾਲੋਜੀ, ਇੱਕ ਨਿਸ਼ਾਨਾ ਪਹੁੰਚ ਅਤੇ ਇਕਸਾਰਤਾ ਦੁਆਰਾ ਲਾਭ ਪ੍ਰਾਪਤ ਕਰਨ ਦੇ ਪੋਸ਼ਣ ਸੰਬੰਧੀ ਨਤੀਜਿਆਂ ਵਿੱਚ ਸੁਧਾਰ ਲਿਆਉਣ ਲਈ ਭਾਰਤ ਦਾ ਮੁੱਖ ਪ੍ਰੋਗਰਾਮ ਹੈ |, ਮੁੰਡਾ, 3 ਸਾਲ ਤੋਂ 6 ਸਾਲ ਤੱਕ ਦੇ ਬੱਚੇ"
ଓଡ଼ିଆ,"ହିତାଧିକାରୀଙ୍କ ପାଇଁ 6 ଟି ବର୍ଗ ଅଛି, ପ୍ଲେ ଷ୍ଟୋରରୁ ମୋବାଇଲ୍ ଆପ୍ ଡାଉନଲୋଡ୍ କରନ୍ତୁ, ଅଙ୍ଗନୱାଡି କେନ୍ଦ୍ର (ଏଡବ୍ଲ୍ୟୁସି)ର କାର୍ଯ୍ୟକଳାପ, ଅଙ୍ଗନୱାଡି କର୍ମୀ (ଏଡବ୍ଲ୍ୟୁଡବ୍ଲ୍ୟୁ)ର ସେବା ବିତରଣ ଏବଂ ଗର୍ଭବତୀ ମହିଳା, ସ୍ତନପାନ କରାଉଥିବା ମାଆ ଏବଂ ଶିଶୁମାନଙ୍କ ପାଇଁ ସମ୍ପୂର୍ଣ୍ଣ ହିତାଧିକାରୀ ପରିଚାଳନା ବିଷୟରେ 360-ଡିଗ୍ରୀ ଦୃଶ୍ୟ ପ୍ରଦାନ କରିବା ହେୁଛି ପୋଷନ୍ ଟ୍ରାକର୍ ଆପ୍ଲିକେସନ୍‌ର ଉଦ୍ଦେଶ୍ୟ । ପ୍ରସ୍ତାବିତ ପ୍ରଣାଳୀ ନିର୍ଦ୍ଦିଷ୍ଟ ସଙ୍କେତ ଉପରେ ସମସ୍ତ ଏଡବ୍ଲ୍ୟୁସି, ଏଡବ୍ଲ୍ୟୁଡବ୍ଲ୍ୟୁ ଏବଂ ହିତାଧିକାରୀଙ୍କ ପ୍ରକୃତ ନୀରିକ୍ଷଣ ଏବଂ ଟ୍ରାକିଂକୁ ସକ୍ଷମ କରିବା ଉଚିତ ।, ପୃଷ୍ଟିକର ଟ୍ରାକର୍ ରେ କଣ ନୂଆ ଅଛି, ସମସ୍ତ ଏଫଏକ୍ୟୁଗୁଡ଼ିକୁ ଦେଖନ୍ତୁ, ଅଙ୍ଗନୱାଡି କର୍ମୀ ତାଲିମ, ସେଣ୍ଟିମିଟରରେ ଉଚ୍ଚତା ପ୍ରବେଶ କରନ୍ତୁ |, ଡ୍ୟାସବୋର୍ଡ, ପୋଷଣ ଟ୍ରାକର୍ ନୂତନ ଆପ୍ଲିକେସନ୍ ବୈଶିଷ୍ଟ୍ୟଗୁଡିକ ଯୋଡିଥାଏ, ଉତ୍ସଗୁଡ଼ିକ, ଫଳାଫଳଗୁଡିକ ଦେଖାନ୍ତୁ, ବୃତ୍ତି, ସେବାର ସର୍ତ୍ତାବଳୀ, ସହାୟତା ଡେସ୍କ, ଜନ୍ମ ତାରିଖ, ଲିଙ୍ଗ, ରାଜ୍ୟ ଭିଡିଓ ସମ୍ମିଳନୀ, ସୋମବାରରୁ ଶୁକ୍ରବାର, ଗୁଗଲ୍ ପ୍ଲେ ଷ୍ଟୋର, ଗର୍ଭବତୀ ମହିଳା, ସ୍ତନ୍ୟପାନ କରାଉଥିବା ମା, 6 ମାସରୁ 3 ବର୍ଷ ପର୍ଯ୍ୟନ୍ତ ପିଲା ଏବଂ କିଶୋର ବାଳିକା |, ଜଣେ ହିତାଧିକାରୀଙ୍କ ଯୋଗ୍ୟତା କ’ଣ?, ପ୍ରାୟତଃ ପଚରାଯାଇଥିବା ପ୍ରଶ୍ନ, ଜଣେ ହିତାଧିକାରୀ ତାଙ୍କର AWC ପରିବର୍ତ୍ତନ କରିପାରିବେ କି?, ଶିଶୁ, କିଶୋର, ଗର୍ଭବତୀମାନଙ୍କ ପାଇଁ ପୁଷ୍ଟିକର ପରିଣାମକୁ ସୁଦୃଢ଼ କରିବା ପାଇଁ ପୋଷନ୍ ଅଭିଆନ୍ ହେଉଛି ଭାରତର ଏକ ପ୍ରମୂଖ କାର୍ଯ୍ୟକ୍ରମ ।, ପୃଷ୍ଟିକର କାଲ୍କୁଲେଟର କିପରି ବ୍ୟବହାର କରିବେ?, ଗର୍ଭବତୀ ମହିଳା, ବର୍ତ୍ତମାନ ଜଣେ ହିତାଧିକାରୀ AWW ସାହାଯ୍ୟରେ ପଞ୍ଜିକରଣ କରିପାରିବେ, ଘର ରାସନ ନିଅନ୍ତୁ, ବିଶ୍ୱ ସ୍ୱାସ୍ଥ୍ୟ ସଂଗଠନ (WHO) ଦ୍ୱାରା ବ୍ୟାଖ୍ୟା କରାଯାଇଥିବା ମାନାଙ୍କ ଉପରେ ଆଧାର କରି ଶିଶୁର ଅଭିବୃଦ୍ଧି ମାପିବା ପାଇଁ ପୃଷ୍ଟିକର କାଲ୍କୁଲେଟର ଡିଜାଇନ୍ କରାଯାଇଛି., ଘର ରାସନ ପାଇଁ କିଏ ଯୋଗ୍ୟ?, କିଲୋଗ୍ରାମରେ ଓଜନ ପ୍ରବେଶ କରନ୍ତୁ |, ସ୍ତନ୍ୟପାନ କରାଉଥିବା ମାତା, ଜଣେ କିପରି ଭାବେ ପୋଷନ୍ ଟ୍ରାକର୍ ଆପ୍‌ ଡାଉନଲୋଡ୍ କରିପାରିବେ?, ଦୟାକରି ଆପଣଙ୍କର ସମ୍ପୃକ୍ତ ଅଙ୍ଗନୱାଡି କର୍ମୀ ସହିତ ଯୋଗାଯୋଗ କରନ୍ତୁ |, ଗୋପନୀୟତା ନୀତି, 0 ରୁ 6 ମାସ ପର୍ଯ୍ୟନ୍ତ ପିଲାମାନେ, ଗରମ ରନ୍ଧା ଖାଦ୍ୟ ବିଷୟରେ ମୁଁ କେଉଁଠାରେ ପଚାରିବି?, ଗରମ ରନ୍ଧା ଖାଦ୍ୟ ପାଇଁ କିଏ ଯୋଗ୍ୟ?, ପୁଷ୍ଟିକର ଖାଦ୍ୟର ଅଭାବ ବୋଲି ଚିହ୍ନିତ ପିଲାମାନେ ଅତିରିକ୍ତ ଖାଦ୍ୟ ସପ୍ଲିମେଣ୍ଟ ପାଇଁ ଯୋଗ୍ୟ ଅଟନ୍ତି |, କିଏ ଅତିରିକ୍ତ ସପ୍ଲିମେଣ୍ଟାରୀ ଖାଦ୍ୟ ପାଇଁ ଯୋଗ୍ୟ ଅଟେ |, ଟୀକାକରଣ ସୂଚୀ, ବାଳିକା, ହିତାଧିକାରୀ ପ୍ରତିକାର, ଲିଙ୍ଗ ଚୟନ କରନ୍ତୁ |, 6 ମାସରୁ 3 ବର୍ଷ ପର୍ଯ୍ୟନ୍ତ ପିଲାମାନେ, ସମର୍ଥନ କର, ପୋଷଣ ଟ୍ରାକର୍ ୱେବସାଇଟ୍ ବୈଶିଷ୍ଟ୍ୟରେ ନୂତନ ଉତ୍ସ ଯୋଡିଥାଏ, ଦକ୍ଷତା ମାପିବା, ପୋଷଣ ଟ୍ରାକର୍ ନୂତନ ରିପୋର୍ଟ୍ ବୈଶିଷ୍ଟ୍ୟ ଯୋଡିଥାଏ, ସମସ୍ତ, ମୋବାଇଲ୍ ଆପ୍ ଡାଉନଲୋଡ୍ କରନ୍ତୁ, ବାଳକ, ଆପ୍ଲିକେସନ୍ ବ୍ୟବହାର କରି ଜଣେ ହିତାଧିକାରୀ ସିଧାସଳଖ ପଞ୍ଜିକରଣ କରିପାରିବେ କି|, ମୋବାଇଲରେ ପୋଷନ୍ ଟ୍ରାକର୍ ଆପ୍ ଇନଷ୍ଟଲ୍‌ କରିବାର ସର୍ବନିମ୍ନ ଆବଶ୍ୟକତା କଣ କଣ ରହିଛି?, ଜଣେ AWW ଏକ ହିତାଧିକାରୀଙ୍କୁ ଗୋଟିଏ AWC ରୁ ଅନ୍ୟ AWC ଆଧାର ନମ୍ବର ଆଧାରରେ ସ୍ଥାନାନ୍ତର କରିବା ପାଇଁ ‘ସ୍ଥାନାନ୍ତର ହିତାଧିକାରୀ’ ବିକଳ୍ପ ବ୍ୟବହାର କରିପାରିବ |, ସେମି, ହିତାଧିକାରୀ କିଏ?, ପୋଷନ୍ ଟ୍ରାକର୍ ଆପ୍‌କୁ କେବଳ ଆଣ୍ଡ୍ରଏଡ୍ ଭର୍ସନ୍ 6.0 ଏବଂ ତଦୁର୍ଦ୍ଧ ସହିତ ଆଣ୍ଡ୍ରଏଡ୍ ଫୋନରେ ଇନ୍‌ଷ୍ଟଲ୍‌ ହୋଇପାରିବ ।, ଅଙ୍ଗନୱାଡି କର୍ମୀ, ଲଗଇନ, କେଜି, ନା, କେବଳ ଆଣ୍ଡ୍ରଏଡ୍ ଭର୍ସନ୍‌ ପାଇଁ ପୋଷନ୍ ଟ୍ରାକର୍ ଉପଲବ୍ଧ ।, ଶୋ' ଫଳାଫଳ ଉପରେ କ୍ଲିକ୍ କରନ୍ତୁ |, ପୋଷନ୍ ଅଭିଯାନ କଣ ଅଟେ?, *ଓଜନ 0.90 ରୁ 58 ମଧ୍ୟରେ ହେବା ଉଚିତ୍, ଏବେ ଯୋଗଦିଅ, ଓଜନ (କେଜି), ଅଧିକ ଜାଣନ୍ତୁ, ପୃଷ୍ଟିକର କାଲ୍କୁଲେଟର୍, ଦୟାକରି ଆପଣଙ୍କର ସମ୍ପୃକ୍ତ ଅଙ୍ଗନୱାଡି କେନ୍ଦ୍ର ସହିତ ଯୋଗାଯୋଗ କରନ୍ତୁ |, ବିଷୟରେ, କିଶୋର ଝିଅମାନେ, ଭାଷା, ଆପ୍ ଡାଉନଲୋଡ୍ କରିବାକୁ QR କୋଡ୍ ସ୍କାନ୍ କରନ୍ତୁ, ଉଚ୍ଚତା (ସେମି), ଆମେ ବର୍ତ୍ତମାନ ଭିଡିଓ କନଫରେନ୍ସରେ ଉପଲବ୍ଧ, ପୋଷନ୍ ଟ୍ରାକର୍ ଆରମ୍ଭ କରିବାର ଉଦ୍ଦେଶ୍ୟ କଣ?, ଆପଲ୍ ଆଇ ଷ୍ଟୋରରେ ପୋଷନ୍ ଟ୍ରାକ୍ ଆପ୍ ମଧ୍ୟ ଉପଲବ୍ଧ ରହିଛି କି?, *ଉଚ୍ଚତା 38 ରୁ 150 ମଧ୍ୟରେ ହେବା ଉଚିତ୍, 3 ବର୍ଷରୁ 6 ବର୍ଷ ବୟସର ପିଲାମାନେ, ଏହା ଅଂଶଗ୍ରହଣକାରୀ ସ୍ୱାସ୍ଥ୍ୟସେବା ପ୍ରଦାନକାରୀଙ୍କ ସହିତ ଆପଣଙ୍କର ପାରସ୍ପରିକ କ୍ରିୟାକୁ ସକ୍ଷମ କରିଥାଏ ଏବଂ ଯାଞ୍ଚ ହୋଇଥିବା ସ୍ୱାସ୍ଥ୍ୟ ସେବା ବୃତ୍ତିଗତ ଏବଂ ସ୍ୱାସ୍ଥ୍ୟ ସେବା ପ୍ରଦାନକାରୀଙ୍କ ଠାରୁ ଆପଣଙ୍କର ଡିଜିଟାଲ୍ ଲ୍ୟାବ୍ ରିପୋର୍ଟ, ପ୍ରେସକ୍ରିପସନ୍ ଏବଂ ନିରାକରଣକୁ ନିରନ୍ତର ଭାବରେ ଗ୍ରହଣ କରିବାକୁ ଅନୁମତି ଦେଇଥାଏ |, ଜଣେ ହିତାଧିକାରୀ ଏକ ମାସରେ ଅତି କମ୍ ରେ 21 ଦିନ THR ପାଇଁ ଯୋଗ୍ୟ ଅଟନ୍ତି |, ହିତାଧିକାରୀ ପଞ୍ଜିକରଣ, ଉପରେ ପୋଷନ୍ ଟ୍ରାକର୍ ଆପ୍ ଉପଲବ୍ଧ, ଘରର ରାସନ ନେବା ବିଷୟରେ ମୁଁ କେଉଁଠାରେ ପଚାରିବି?, ଜଣେ ହିତାଧିକାରୀ ଏକ ମାସରେ ଅତି କମ୍ ରେ 21 ଦିନ ପାଇଁ HCM ପାଇଁ ଯୋଗ୍ୟ ଅଟନ୍ତି |, 3 ବର୍ଷରୁ 6 ବର୍ଷ ପର୍ଯ୍ୟନ୍ତ ପିଲାମାନେ, ଅତିରିକ୍ତ ସପ୍ଲିମେଣ୍ଟାରୀ ଖାଦ୍ୟ ପାଇଁ କିଏ ଯୋଗ୍ୟ?, ଗରମ ରନ୍ଧା ଖାଦ୍ୟ, ରାଜ୍ୟ ସହାୟତା, ଜନ୍ମ ତାରିଖ ପ୍ରବେଶ କରନ୍ତୁ |"
नेपाली,"मोबाइलमा पोसन ट्र्याकर एप स्थापना गर्न न्यूनतम आवश्यकता के हो?, एबीएचए (पहिले स्वास्थ्य आईडी भनेर चिनिन्थ्यो) आयुष्मान भारत स्वास्थ्य खाताको संक्षिप्त रूप हो।, गर्भवती महिला, स्तनपान गराउने आमाहरू, 6 महिनादेखि 3 वर्षसम्मका बालबालिका र किशोरी केटीहरु।, लग-इन, के लाभार्थीले आफ्नो एडब्ल्यूसी परिवर्तन गर्न सक्नुहुन्छ?, कृपया आफ्नो सम्बन्धित आंगनवाडी कार्यकर्तालाई सम्पर्क गर्नुहोस्।, एउटा लाभार्थी एक महिनामा कम्तिमा 21 दिनको लागि टीएचआर को लागि योग्य हुन्छ।, राज्यको भिडियो सम्मेलन, एउटा लाभार्थीको पात्रता के हो?, पोषणमा कमीको रूपमा पहिचान गरिएका बालबालिकाहरू थप खाद्य पूरकहरूका लागि योग्य छन्।, समर्थन, आंगनवाड़ी कार्यकर्ताहरू, पोषण ट्र्याकर एप केवल एन्ड्रोइड फोनमा एन्ड्रोइड संस्करण ६.० र माथिकोसँग मात्र स्थापना गर्न सकिन्छ।, एप डाउनलोड गर्न क्यूआर कोड स्क्यान गर्नुहोस्, हितग्राही निवारण, पोशन क्याल्कुलेटर विश्व स्वास्थ्य संगठन (डब्ल्यूएचओ) द्वारा व्याख्या मापदण्ड आधारित बच्चाको वृद्धि मापन गर्न डिजाइन हो।., एबीएचए (स्वास्थ्य आईडी) को प्रयोग गर्नु भएको मा तपाईं र तपाईंको परिवारको लागि सुरक्षित र प्रभावकारी डिजिटल स्वास्थ्य अभिलेख सिर्जना गर्ने पहिलो कदम हो।, तातो पकाएको खानाको बारेमा मैले कहाँ सोधपुछ गर्न सक्छु?, सोमबारदेखि शुक्रवार, किशोरी केटीहरु, सेवाका सर्तहरु, छैन, पोषण ट्र्याकर एन्ड्रोइड संस्करणका लागि मात्र उपलब्ध छ।, *वजन 0.90 देखि 58 का बीच हुनुपर्छ, थप पूरक खाना को लागी को योग्य छ।, लिंग, आंगनवाडी कार्यकर्ताको प्रशिक्षण, पेशाहरु, अहिले सामेल हुनुहोस, कसैले पोषण ट्र्याकर एप कसरी डाउनलोड गर्न सक्छन्?, केटा, सबै, 3 वर्ष देखि 6 वर्ष सम्मका बालबालिका, मैले घरमा रासन लैजाने बारेमा कहाँ सोध्न सक्छु?, को बारेमा, सेमी, पोषण ट्र्याकर सुरू गर्नुको उद्देश्य के हो?, तातो पकाएको खानाको लागि को योग्य छ?, लाभार्थीहरूको लागि 6 वर्गहरू छन्, पोषण ट्र्याकर एप एप्पल आई स्टोरमा पनि उपलब्ध छ?, राज्य सहायता डेस्क, पोशन ट्र्याकर (Poshan Tracker) ले नयाँ अनुप्रयोग सुविधाहरू थप्छ, हामी अब भिडियो कन्फरेन्समा उपलब्ध छौं, पोशन क्याल्कुलेटर कसरी प्रयोग गर्ने?, पोषण ट्र्याकर एपको उद्देश्य आंगनवाडी केन्द्र (AWC) को गतिविधि र गर्भवती महिला, स्तनपान गराउने आमाहरू र बच्चाहरूका लागि पूर्ण लाभार्थीको व्यवस्थापनलाई ३६० डिग्री दृष्टिकोणमा प्रदान गर्नु हो। प्रस्तावित प्रणालीले परिभाषित संकेतकहरूमा सबै AWCहरू, AWWहरू र लाभार्थीहरूको वास्तविक समयको अनुगमन र ट्र्याकिंग सक्षम पार्नु पर्दछ।, प्ले स्टोरबाट मोबाइल एप डाउनलोड गर्नुहोस्, जन्ममिति, पोशन क्याल्कुलेटर, घरको राशन लिनुको लागि को योग्य छ?, 0 देखि 6 महिना सम्मका बालबालिका, पोशन ट्र्याकर ले वेबसाइट सुविधामा नयाँ स्रोतहरू थप्छ, हाल एउटा लाभार्थीले एडब्ल्यूडब्ल्यू को मद्दतले पंजीकरण गर्न सक्छ, पोशन ट्र्याकरले नयाँ रिपोर्टहरूको सुविधा थप्छ, यसले सहभागी स्वास्थ्य सेवा प्रदायकहरूसँग तपाइँको अन्तरक्रियालाई सक्षम बनाउँछ, र तपाइँलाई प्रमाणित स्वास्थ्य सेवा पेशेवरहरू र स्वास्थ्य सेवा प्रदायकहरूबाट तपाइँको डिजिटल ल्याब रिपोर्टहरू, नुस्खाहरू र निदान प्राप्त गर्न अनुमति दिन्छ।, घरको राशन लिनुहोस्, लाभार्थी को हो?, किलोग्राम मा तौल प्रविष्ट गर्नुहोस्, केटी, कृपया आफ्नो सम्बन्धित आंगनवाडी केन्द्रमा सम्पर्क गर्नुहोस्।, प्रायः सोधिने प्रश्नहरू, गोपनीयता नीति, 6 महिनादेखि 3 वर्षसम्मका बालबालिका, एउटा एडब्ल्यूडब्ल्यू ले आधार संख्याको आधारमा एउटा एडब्ल्यूसी बाट अर्को एडब्ल्यूसी मा लाभार्थी स्थानान्तरण गर्न 'स्थानान्तरण लाभार्थी' विकल्प प्रयोग गर्न सक्छ।, खोप अनुसूची, नतिजाहरू देखाउने मा क्लिक गर्नुहोस्, केजी, एबीएचए (स्वास्थ्य आईडी), प्रायजसो सोधिने प्रश्नहरू हेर्नुहोस्, पोशन ट्रयाकर मा नयाँ के छ, पोषण अभियान भनेको के हो?, मोबाइल एप डाउनलोड गर्नुहोस्, जन्म मिति प्रविष्ट गर्नुहोस्, एबीएचए (स्वास्थ्य आईडी) र यसका फाइदाहरू, संसाधन, दक्षता मापन, एउटा लाभार्थी सिधै आवेदन प्रयोग गरेर पंजीकरण गर्न सक्नुहुन्छ।, सहायता केन्द्र, 3 वर्ष देखि 6 वर्ष सम्मको उमेर समूहका बालबालिका, अधिक जान्नुहोस्, थप पूरक खानाको लागि को योग्य छ?, एउटा लाभार्थी एक महिनामा कम्तिमा 21 दिनको लागि एचसीएम को लागी योग्य हुन्छ।, मा उपलब्ध छ।, एफएक्यू, पोषण अभियान भनेको बच्चा, किशोरकिशोरी, गर्भिणीहरूका लागि पोषण परिणामहरू सुधार गर्ने भारतको प्रमुख कार्यक्रम हो।, उचाई (सेमी), वजन (केजी), स्तनपान गराउने आमा, *उचाई 38 देखि 150 का बीच हुनुपर्छ, सेन्टिमिटर मा उचाई प्रविष्ट गर्नुहोस्, तातो पकाएको खाना, ड्यासबोर्ड, गर्भवती महिला, लाभार्थी पञ्जीकरण, पोषण ट्र्याकर अनुप्रयोग गुगल प्लेस्टोर, लिङ्ग चयन गर्नुहोस्, परिणामहरू देखाउनुहोस्, भाषा"
डोगरी,"कौन ऐ एलिजिबल एडिशनल सप्लीमेंट्री फ़ूड असते।, स्टेट वीडियो कांफ्रेंस, हॉट कुक्ड मील असते कौन एलिजिबल ऐ?, फैक, एलिजिबिलिटी के ऐ बेनेफिशरी दी?, बेनेफिशरी एलिजिबल ऐ टी एच आर असते कट्टो काट 21 डेज असते एक मंथ च।, चिल्ड्रन जेडडे की ऐज ग्रुप दे ओन 3 इयर्स कोल्लो 6 इयर्स तक्क, प्लीज कांटेक्ट करो अपने आंगनवाड़ी वर्कर की।, बेनेफिशरी दा रजिस्ट्रेशन, चिल्ड्रन 6 मोनथस कोल 3 इयर्स तक्क, एंटर वेट किलोग्राम च, भार (किलोग्राम), पोषण कैलकुलेटर डिज़ाइन कित्ता गेदा की ओ माप करि सकदा बच्चे दी ग्रोथ जेडी वर्ल्ड हेल्थ आर्गेनाइजेशन दी दित्ती गेदिअण (डब्लू एच ओ)., *लंबाई 38 थमां 150 दे दरम्यान होनी चाहिदी, मोबाइल च पोशन ऐप ट्रैकर इंस्टाल करने लेई घट्टो-घट्ट लोड़ केह् ऐ?, जनम दी तरीक, सपोर्ट, लाभ लेने अला निवारण, लिंग, कद्द (सेमी), बेनेफिशरी कौन ऐ?, आंगनवाड़ी वर्कर्स, अस हून विडियो कांफ्रैंस दे राहें बी दस्तयाब आं, मैजरिंग इफिशन्सी, How to use Poshan Calculator?, पोशन ट्रैकर नमें एप्लिकेशन सुविधाएं गी जोड़दा ऐ, हॉट ते कुक्ड मील, आभा (हेल्थ आई डि), ए डब्लू डब्लू इस्तेमाल करई सगदे ‘माइग्रेट बेनेफिशरी’ ऑप्शन की तककि एक बेनेफिशरी की माइग्रेट कर्री जाइ सक्के एक ए डब्लू सी को दुए ए डब्लू सी च आधार नंबर दे बेसिस ऊपर।, लैटटिंग मदर, *भार 0.90 थमां 58 दे दरम्यान होना चाहिदा, एडोलसेंट गर्ल्स, के एक बेनेफिशरी चेंज कर्री सकदा हिज /हेर ऐ डब्लू सी?, प्रेग्नेंट वीमेन, कौन ऐ एलिजिबल एडिशनल सप्लीमेंट्री फ़ूड असते?, पोशन ट्रैकर ऐप गूगल प्लेस्टोर, सेमी, पोशन अभियान भारत दा चेचा प्रोग्राम ऐ जेहड़ा बच्चें, किशोरें, गर्भवतियें लेई पोशन सरबंधी नतीजें च सुधार करदा ऐ।, पोशन ट्रैकर नमें रिपोर्ट्स फीचर गी जोड़दा ऐ, पोशन ट्रैकर वेबसाइट फीचर पर नमें संसाधनें गी जोड़दा ऐ, टेक होम राशन की, प्रेग्नेंट वीमेन, लैटटिंग मोठेर्स, चिल्ड्रन 6 मंथ्स कोल्लो 3 इयर्स टक्क ते एडोलसेंट गर्ल्स।, टर्म्स ऑफ़ सर्विस, चिल्ड्रन 3 इयर्स तो 6 इयर्स तक्क, कौन ऐ एलिजिबल होम राशन लेने असते?, आभा दा इस्तिमाल (हेल्थ आई डी) पेल्ला क़दाम ऐ बनाना सुरक्षित ते कुशल डिजिटल हेल्थ रिकार्ड्स दा अपनी ते अपनी फॅमिली असत।, डैशबोर्ड, चिल्ड्रन 0 to 6 मोनथस दे, बेनेफिशरीज असते 6 काटेगोरिएस ऍन, के बेनेफिशरी रजिस्टर डायरेक्टली एप्लीकेशन कन्ने करि सकदा।, गर्ल, जेंडर दी सिलेक्शन, बॉय, बेनेफिशरी एलिजिबल ऐ ऍन सी एम् च जेड़ा की कट्टो काट 21 डेज मंथ च., आभा (पल्ले जानी जांदी ही हेल्थ आई डी) परिवर्णी ऐ आयुष्मान भारत हेल्थ अकाउंट दा।, नेईं, पोशन ऐप ट्रैकर सिर्फ ऐंड्राइड संस्करन लेई दस्तयाब ऐ।, मोबाइल ऍप की प्ले स्टोर चों डाउनलोड करो, केजी, प्लीज कांटेक्ट करो अपने रेस्पेक्टिवे आंगनवाड़ी सेंटर की., पर दस्तयाब ऐ।, ऐ इनेबल करदा तुसेंगी गाल करने लेइ ते पार्टिसिपेट करने लेइ हैल्थकारे प्रोवाइडर्स कन्ने, ते तुसेंगी अल्लॉव करदा रिसीव करने सटे तोडी डिजिटल लैब रिपोर्ट्स, प्रेस्क्रिप्शन्स ते डायग्नोसिस असते एक वेरिफ़िएड हैल्थकारे प्रोफेशनल्स कोल्लो ते हेल्थ सर्विस प्रोवाइडर्स कोल्लो।, वक्सीनशन दा सचेडूले, कैरियर्स, शो रिजल्ट्स, पोशन ट्रैकर ऐप्लिकेशन दा उद्देश आंगनवाड़ी केंदरें (AWC), आंगनवाड़ी वर्करें दियां सेवा प्रदान करना (AWWs) दी गतिविधियें दा 360 डिग्री द्रिश्श पेश करना ऐ ते लाभार्थी गर्भवती महिलाएं, स्तनपान करोआने आहली महिलाएं ते बच्चें दा प्रबंधन करना ऐ। तजबीज कीता गेआ सिस्टम सभनें आंगनवाड़ी सेंटरें, आंगनवाड़ी वर्करें दियां सेवा प्रदान करने ते नरधारत कीते गे संकेतकें पर लाभार्थियें दी असल-समें च निगरानी करना समर्थ करग।, पोशन ट्रैकर ऐप सिर्फ ऐंड्राइड फोन च ऐंड्राइड संस्करन 6.0 ते उन्नत संस्करन पर इंस्टाल कीता जाई सकदा ऐ।, क्या पोशन ऐप ट्रैकर ऐप्पल आई स्टोर पर दस्तयाब ऐ?, मई कियाँ इन्क़ुइर कर्री सगना हॉट कुक्ड मील असते?, पोशन अभियान केह् ऐ?, क्लिक करो शो रिजल्ट्स की, हेल्पडेस्क, आंगनबाड़ी कार्जकर्ता सखलाई, सभनें म्हेशा पुच्छे जाने आह्ले सोआल दिक्खो, आल, फ्रेक्वेंटली अस्केद क़ुएस्तिओन्स, पोशन ट्रैकर ऐप कि'यां डाउनलोड कीता जाई सकदा ऐ?, साधन, अबाउट, पोषण ट्रैकर च नाम के ऐ, चिल्ड्रन जेडडे की आईडेंटटीफै ऍन डेफिसिट ऍन नुट्रिशन च ओ एलिजिबल ऍन एडिशनल फ़ूड सप्लीमेंट्स असते., सोमवार थमां शुक्करवार, पोषण कैलकुलेटर, क्याऊ आर कोड स्कैन करिए ऍप डाउनलोड कार्रो, डाउनलोड मोबाइल ऍप, प्राइवेसी पालिसी, ज्वाइन नाउ, स्टेट दा हेल्पडेस्क, लाग इन करो, एंटर डेट ऑफ़ बर्थ, आभा (हेल्थ आई डी) ते औदे फाईदे, पोशन ट्रैकर लांच करने दा उद्देश केह् ऐ?, कर्रेंटली बेनेफिशरी रजिस्टर कर्री सकदा हेल्प कन्ने ऐ डब्लू डब्लू दे, होर जानो, मई कुत्थे इन्क़ुइर कर्रा होम राशन लेने असते?, एंटर हाइट सेंटीमीटर च, भाषा"
कोंकणी,"सद्या लावार्थी एडब्ल्यूडब्ल्यूच्या आदारान नोंदणी करूंक शकता, निकाल दाखोवचे, लावार्थी नोंदणीकरण, आतां सामील जावचें, गरम शिजयल्लें जेवणा खातीर पात्र आसा?, पोशण ट्रॅकर कसो वापरचो?, उंचाय सेंटीमिटरांत प्रवेश करची, गरम शिजयल्ल्या जेवणाची खंय चवकशी करूं येता?, पोशण ट्रॅकर नवीं ऍप्लिकेशन खाशेलपणां जोडटा, आंगनवाडी कर्मचारी, पोशणाचो उणाव आसा अशें वळखून घेतिल्लीं भुरगीं अतिरिक्त अन्न पूरक आहारां खातीर पात्र थारतात., पोशन ट्रॅकर अॅप गुगल प्लॅस्टोरार उपलब्ध आसा, अतिरिक्त पूरक अन्न मेळोवपाक कोण पात्र आसा?, तेंको, 6 म्हयन्यां सावन 3 वर्सां मेरेनचीं भुरगीं, घरांत रेशन घेवचें, परिणाम दाखयात हाचेर क्लिक करात, राज्य व्हिडियो कॉन्फरन्स, मापन क्षमता, लसीकरण वेळापत्रक, लावार्थ्याची पात्रताय कितें?, वजन (किलो) (KG), लिंग, करियर, एभीएचए (हॅल्थ आय डी), लिंग निवडात, ना, पोशन ट्रॅकर अॅप फकत एन्ड्रॉयड यूजरां खातीर उपलबध्द आसा., मोबायलार पोशन ट्रॅकर अॅप इंस्टॉल करपा खातीर किमान आवश्यकता कितें?, तो सहभागी भलायकी सेवा पुरवणदारां कडेन तुमची परस्परक्रिया सक्षम करता, आनी तुमकां सत्यापीत भलायकी जतनाय वेवसायीक आनी भलायकी सेवा पुरवणदारांकडल्यान तुमचे डिजिटल लॅब अहवाल, नुस्खे आनी निदान रोगपारखणी मेळोवपाक परवानगी दिता., किशोरवयीन चलयो, पोशण ट्रॅकर वॅबसायट खाशेलपणाचेर नवीं संसाधनां जोडटा, चली, प्ले स्टोरांतल्यान मोबायल ऍप्लिकेशन डावनलोड करचें, सेमी, *वजन 0.90 ते 58 मजगतीं आसूंक जाय, गुप्तताय धोरण, 0 ते 6 म्हयन्यांचीं भुरगीं, सगले एफएक्युएस दृश्य करचे, दुदाक धरपी आवय, पोशण ट्रॅकराचेर नवें कितें आसा, एक एडब्ल्यूडब्ल्यू तांच्या आधार क्रमांकाचेर आदारून एका एडब्ल्यूसींतल्यान दुसऱ्या एडब्ल्यूसींत लावार्थी स्थलांतरीत करपाक ‘लावार्थी स्थलांतरीत करचो’ पर्याय वापरूं येता., आमी व्हिडियो परिशदे वरवीं उपलब्ध आसात., पोशन ट्रॅकर अॅप फकत एन्ड्रॉयड वर्जन 6.0 आनी ताच्या उपरांतच्या वर्जन आशिल्ल्या एन्ड्रॉयड फोनाचेर इंस्टॉल करूं येता., पोशन ट्रॅकर स्थापीत करपाचो उद्देश कितें?, विश्व भलायकी संघटनेन (WHO) परिभाशीत केल्ल्या मानकां प्रमाण भुरग्याची वाड मापपा खातीर पोशन ट्रॅकर डिजायन केला., तुमच्या संबंदीत आंगनवाडी कार्यकर्त्या कडेन संपर्क सादचो., गुरवार बायलो, लॉग ईन, लाभार्थी निवारण, अर्ज वापरून लावार्थी थेट नोंदणी करूंक शकता., लावार्थ्यां खातीर 6 वर्ग आसात, ताचे विशीं, डॅशबोर्ड, अॅप्पल आय स्टोरांत पोशन ट्रॅकर अॅप उपलब्ध आसा?, टेक होम रेशन विशीं खंय चवकशी करूं येता?, पोशण ट्रॅकर नवीं अहवाल दिवपाचें खाशेलपण जोडटा, ऍप्लिकेशन डावनलोड करूंक QR कोड स्कॅन करचो, पोशन ट्रॅकर अॅपलीकेशनाचो उद्देश आंगनवाडी (आंगनवाडी केंद्र) केंद्राचे कार्यांचो, आंगनवाडी कार्यकर्त्यांची (आंगनवाडी कर्मचारी) डिलिवरी सेवा आनी गुरवार बायलां खातीर, दुग्धधारण करपी आवयां खातीर आनी भुरग्यां खातीर पूर्ण लाभार्थी वेवस्थेचो 360-डिग्री दृश्य दिवपाचो आसा. प्रस्थापीत वेवस्था परिभाशीत संकेतकाचेर सगळ्या आंगनवाडी केंद्र, आंगनवाडी कर्मचारी आनी लाभार्थीची ट्रॅकींग आनी मोनिटरींग करपाक समर्थ आसूंक जाय., मदत डेस्क, लावार्थी म्हयन्यांत उण्यांत उणे 21 दीस एचसीएम मेळोवपाक पात्र आसता., सेवा अटी, जल्म तारीख प्रवेश करात, सगळें, 3 वर्सां ते 6 वर्सां पिरायेच्या गटांतलीं भुरगीं, नित्यान विचारिल्ले प्रस्न, मोबायल ऍप्लिकेशन डावनलोड करचें, 3 वर्सां ते 6 वर्सां मेरेनचीं भुरगीं, भास, टेक होम रेशन खातीर कोण पात्र आसा?, संसाधन, चलो, पोशण कॅल्क्यूटर, जल्म तारीख, आंगणवाडी कर्मचा-याक प्रशिक्षण, पोशन ट्रॅकर अॅप कशें डावनलोड करतले?, वजन किलोग्रामांत प्रवेश करचें, पोशन अभियान म्हळ्यार कितें?, *उंची 38 ते 150 मजगतीं आसूंक जाय, पोशन अभियान हो भारताचो प्रमुख कार्यक्रम जो भुरग्यांक, किशोऱ्यांक आनी गुरवार बायलांच्या पोशण संबंदीत परिणामांत सुधारणा हाडपाचें कार्य करता., लावार्थी एका म्हयन्यांत उण्यांत उणे 21 दीस टीएचआर मेळोवपाक पात्र आसता., अदीक जाणून घेयात, उंची (सेमी) (CM), गरम शिजयल्लें जेवण, किलो, राज्या आदारकक्ष, परतून परतून विचारिल्ले प्रस्न, उपकार करून तुमच्या संबंदीत आंगनवाडी केंद्रा कडेन संपर्क सादचो., सोमार ते शुक्रार, लावार्थी आपलो/आपलें एडब्ल्यूसी बदलूंक शकता?, अतिरिक्त पूरक अन्न मेळोवपाक कोण पात्र आसा., लावार्थी म्हळ्यार कोण?, गुरवार बायलो, दुदाक धरपी आवयो, 6 म्हयने ते 3 वर्सां पिरायेचीं भुरगीं आनी किशोरवयीन चलयो."
सिंधी,"किथे वनी मा घर जे राशन लाए पुछि ती सिगा?, पोशॉन ट्रेकर गंढियो आहे नयो वसिलो वेबसाईट कारगुरीअ ते, पोषण ट्रेकर खे शुरू करण जो मकसद छा आहे?, वधिक जा॒णो, जाणायो विडियो कॉनफरेंस, KG, वजन (KG), पोशॉन ट्रेकर गंढी आहे नई ऐपलिकेशन कारगुजारी, ढिघाई(CM), प्ले स्टोर खों मोबाइल ऐप डाउनलोड कयो, जन्म तारीख भ्रमों, वजन खे किलोग्राम में भरयो, घणो करे पूछण वणन वारा सवाल, केर आ फायदेमंद?, आंगनवाडी कर्मचारी, टीकाकरण जो शेड्यूल, छा पोषण ट्रेक्स एप एप्पल आई स्टोर ते मौजूद आहे?, वसीला, *ढिगाई 38 खां 150 जे मंझ हुअणी खपे, मोबाईल में पोषण ट्रेकर एप इंस्टाल करण जे लाए घटु में घटु घुरज छा आहे?, पेटअ वारी माई, बार 3 सालन खा 6 सालन जो, छा मां पुछि ती सिघा गर्म ठयल रोटी जे बारे मे?, सघेरायप जी माप, लम्बाई खे सेंटिमेटर में भरयो, करियर, पोषण ट्रेकर एप गूगल ते मौजूद आहे.Google playstore, ऐप डाउनलोड करण जे लाये क्यूआर कोड खे स्कैन कयो, हिक लाभकारी छा योग्य आए THR लाए घट में घट महिने जे 21 डियन जे लाए।, बार 6 महिनन खा 3 सालन जो, केर अतिरिक्त पूरी रोटी जे योग्य आ?, किशोरी छोकरूयु, असां हाणे विडिओ कान्फ्रन्स ते बि मौजूद आहियूं, बार 0 खा 6 महिनन जो, राज्य हेल्पडेस्क, बार देखा 3 सल खा 6 सालन जा आएन, डिसण अचण वारे रिजल्ट ते दबायो, घर जो राशन वठो, जे बारे में, ढुक्क डेयन वारी माई, आङनवाडी कारुकनु जी सिख्या, छा आए लाभकारी जी पात्रता?, मोबाइल ऐप डाउनलोड कयो, नतिजा डे॒खारो, बार-बार पुषण वारा सवाल:, गरम-गरम रोटी ठायण, लॉगिन, छा अप्लिकेशन खे डायरेक्टलि इस्तमाल करें फायदेमंद रजिस्ट्रेशन करे ता सचमुच।, छोकरी, ईयो इनमे भाग वठण सा गड्-गड् सिहत जो ध्यान रखंण वारन सा गालाएणं जे लायक ठाईंदो आ अंउ असांखें डिजिटल लैब रिपोर्ट भी मिलंदी, मर्ज जी सुज्ञाणप करण जो तरीको मिलदो आहे सुठे अंउ काबिल सिहत जो ध्यान रखंण वारन खा।, केर घर जो राशन वठण जे योग्य आ?, डैश्बोर्ड, छा लाभकारी बदलाव थी तो सघे उननजे AWC मे?, बार जेका कुपोषित आएन उवे अतिरिक्त पूरी रोटी जे योग्य आ एन।, मदद, केर गर्म ठयल रोटी जे काबिल आ?, पेटअ वारी माई, ढुक्क डेयन माई, बार 6 महिनन खा 3 साल ताई आऊं किशोरी छोकरूयु।, बो॒ली, पोषण ट्रेकर एप जो मकसद आंगनवाड़ी मरकज़ जे मशगुलियुन, आंगनवाड़ी कम कंदडनु जी सेवा जी डिलीवरी एं गर्भ वंती मायुनु, धाराइंदड़ु माउरुं, बा॒रन जे लाये समूरो बेनेफिशरी बंदोबस्त जो 360 डिग्री व्यू दि॒यण आहे. मंज़ूर कयल सिस्टम मुकरर कयल पैमाने ते सभिनी आंगनवाड़ी मरकज़नु, आंगनवाड़ी कम कंदडनु एं बेनेफिशरयुन जी रियल टाइम निगरानी एं ट्रेकिंग करण जी इख़्तियारी दीं॒दो., गोपनीयता नीति, टर्म्स ऑफ़ सर्विसेस, छा AWW खे माइग्रेंट लाभकारी आप्शन इस्तमाल करे ता सघयु ताकी माइग्रेंट लाभकारी हिकAWC खा बे AWC खे डई सघयु आधार नंबर जे द्वारा।, पोषण कैलकुलेटर जो इस्तेमाल कीयं कयूं?, पोषण एप खे कियें डाउनलोड करे सघ॒जे थो?, *वजन 0.90 खां 58 जे मंझ हुअणो खपे, पोषण अभियान छा आहे?, पोषण कैलकुलेटर खे विश्व स्वास्थ्य संगठन (डब्ल्यूएचओ) जे सबब सां वस्फ़ पैमाइशअ जी बुनियाद ते बारण जी वाध खे मापण जे लाये डिज़ाइन कायो वयो आहे., CM, हिक लाभकारी योग्य आए HCM लाए घट में घट महिने जे 21 डियन लाए।, न, पोषण ट्रेकर फकत ऐन्ड्रॉइड कौल ते मौजूद आहे., हेल्पडेस्क, बारनु, नौजवाननु , गर्भ वंतयूनु जे खोराकी नतीजन खे सुधारण जे लाए, पोषण अभियान भारत जो मुख्य प्रोग्राम आहे., किरपा तांजे आंगनवाड़ी कार्यकर्ता सा सम्पर्क कयो।, सूमर खां जुमे ताईं, पोषण ट्रैकर में नयो छा आहे, हितभागी जो निस्तार, केर अतिरिक्त पूरी रोटी जे योग्य आ।, हिते छ: श्रेणियु आएन फायदे जे लाए, जेन्डर चुनयो, कोशॉन ट्रेकर गंढी आहे नई रिपोर्ट कारगुजारी, पोषण कैलकुलेटर, समुरा FAQs डि॒सो, पोषण ट्रेकर एप खे ऐंड्रोइड 6.0 या उन खां वधिक जे कोल वारे ऐंड्रोइड फोन में इंसटाल करे सघ॒बो आहे., अल, जंस, लाभार्थी पंजीकरण, किरपा तांजे आदरणीय आंगनवाड़ी कार्यकर्ता सा सम्पर्क कयो।, सब, हियर शामिल थयो, जन्म जी तारिख, हाणे जे लाए लाभकारी रजिस्ट्रेशन करे ता सघयु AWW जी मदद सा"
बोडो,"लग-इन, पशान ट्रैकार एपखौ मबाइलाव बोनो सरासनस्रा गोनांथिया मा?, एपखौ डाउनलोड खालामनो थाखाय क्युआर कोडखौ स्केन खालाम, *लिरथाइया 0.90 निफ्राइ 58 नि गेजेराव जानांगोन, सासे मुलाम्फायारिनि जग्यताया मा?, न'नि रेसन लानि थाखाय सोर जग्यतागोनां?, आखा-फाखाथाइखौ नायनाय, सासे मुलाम्फायारिआ दानसेआव खमैबो 21 साननि थाखाय टिएइचआरनि थाखाय जग्यता गोनां जायो।, हिनजावसा, फिथाइखौ दिन्थि, प्राइभेसि पलिसि, आथोन बासिख', पशान ट्रैकार एपखौ माबोरै डाउनलद खालामनो हायो?, फुंखाफोर, गोरबोआव थानाय आइजोफोर, आहार जाहोग्रा बिमाफोर, 6 दाननिफ्राय 3 बोसोरनि खुदियाफोर आरो देरफुनाय हिनजावसाफोर।, रायजो भिडिअ जथुममा, अननानै नोंथांनि गावनि अंगनवारि मावफारियाखौ सोमोन्दो खालाम।, गोरबोआव थानाय आइजोफोर, एबिएइचए (सिगाङाव हेल्थ आइडि महरै मिथिजायोमोन) आ आयुसमान भारत हेल्थ एकाउन्टनि गिबि हांखोफोर।, किल'ग्रामाव लेरथाइखौ थिसन, सोमोन्दै, पशान ट्रेकाराव गोदान एप्लिकेसन फिचार्सखौ सोदेरनाय जादों, गासै, अननानै नोंथांनि गावनि अंगनवारि मिरुआव सोमोन्दो खालाम।, पशान ट्रेकारनि वेबसाइट फिचार्सआव गोदान फुंखाफोर सोदेरनाय जादों, रायजो हेल्पडेस्क, नङा, पशान ट्रैकारआ एनद्रवयद भारसनावल' मोननो हाथाव।, कि.ग्रा., दासान्दि सासे मुलाम्फायारिआ सासे एडब्लिउडब्लिउनि मददजों रेबथुमनो हायो, 0 निफ्राय 6 दाननि खुदियाफोर, पोषन केलकुलेटरखौ माबोरै बाहायनो नांगौ?, एबिएइचए (हेल्थ आइडि), एबिएइचए (हेल्थ आइडि) आरो बिनि मुलाम्फाफोर, पोषन केलकुलेटर, सासे मुलाम्फायारिआ दानसेआव खमैबो 21 साननि थाखाय एइचसिएमनि थाखाय जग्यता गोनां।, सिबिथायनि बोसोनफोर, 3 बोसोरनिफ्राय 6 बोसोर बैसोनि हानजानि गथ'फोर, पोषन ट्रेकारआव गोदान मा दं, पशान ट्रैकारखौ एनद्रवयद फोनाव एनद्रवयद 6.0 आरो गेदेर भारसनफोजोंल' गायसंनो हायो।, प्लेस्टोरनिफ्राय मबाइल एप डाउनलोड खालाम, सेन्टिमिटाराव जौथायखौ थिसन, आथोन, जोनोमनि खालार थिसन, मुलुगनां सावस्रि आफाद (डब्लिउएइचअ') नि जखा फोरमायनायनि सायाव बिथा खालामनानै उन्दै गथ'सानि जौगानायखौ सुनो थाखाय पोषन केलकुलेटरखौ बानायनाय जादों., मुलाम्फायारिनि फोसाबनाय, सासे एडब्लिउडब्लिउआ सासे मुलाम्फायारिखौ बिसोरनि आधार कार्डनि बिथायाव मोनसे एडब्लिउसिनिफ्राय गुबुन मोनसे एडब्लिउसिसिम बारस्लायनो 'बारस्लाय मुलाम्फायारि' सायख'नायखौ बाहायनो हायो।, सोर गुदुं संजानाय आदारनि थाखाय जग्यता गोनां?, जौथाइ (से.मि.), 3 बोसोरनिफ्राय 6 बोसोरनि खुदियाफोर, अंगनवारी मावफारियाफोर, हेफाजाब, जोनोम सान, गुदुं संजानाय आदारनि बागै आं बबेयाव सोंनानै मिथिनो हागोन?, बेयो बाहागो लानाय सावस्रि जोथोन होग्राफोरजों नोंथांनि सावरायनायखौ गोहोनां खालामो, आरो नोंथांखौ रोखाथि खालामजानाय सावस्रि सिबिथाय रोंगौथिगोनां मावफारियाफोर आरो सावस्रि सिबिथाय होग्राफोरजों नोंथांनि डि़जिटेल लेब रिपोर्ट, डाक्टार लिरना हरनाय दिथालाइ आरो बेराम सिनायनायखौ मोननो थाखाय गनायथि होयो।, जोंखौ भिदिअ कनफारेन्साव मोननो हासिगोन, एफएक्यु, आपोल आइ स्तरआवबो पशान ट्रैकार एपखौ मोननो हाथावनाने?, पशान ट्रेकाराव गोदान रिपर्ट्स फिचार्सखौ सोदेरनाय जादों, मुलाम्फायारी रेबथुमलाइ, सोर उफ्रा होफादेरनाय जाग्रा मुवानि थाखाय जग्यतागोनां?, अंगनवाडी मावथि फोरोंथाइ, गासैबो गले-गलेयै सोंजानाय सोंथिफोरखौ नाय, जाय गथ'फोरखौ निउट्रिसनाव खम होननानै सिनायथिनाय जादों बिसोर उफ्रा जाग्रा मुवा होफादेरनायफोरनि थाखाय जग्यता गोनां।, गुदुं संजानाय आदार, देरफुनाय हिनजावसाफोर, खनले खनले सोंजानाय सोंलुफोर, पशान ट्रैकार एपखौ गगल प्लेस्तरआव मोननो हाथावना, लिरथाइ (कि.ग्रा.), पशान अभियान आ गथ', लाइमोन आरो गोरबोआव थानाय आइजोफोरनि आदारारि मुलाम्फाखौ जौगानायाव हेफाजाब होग्रा भार'तनि गोनांथार हाबाफारि।, हेल्पडेस्क, एप्लिकेसन बाहायनानै मुलाम्फायारिआ थोंजोङै रेबथुमनो हायोना।, 6 दाननिफ्राय 3 बोसोरनि खुदियाफोर, दानो खाजाब, एबिएइचए (हेल्थ आइडि) नि बाहायनाया नोंथांनि आरो नोंथांनि नखरनि थाखाय रैखाथि आरो गोरों डिजिटेल सावस्रि रेकर्डफोर बानायनाय फारसे गिबि आगान जागोन।, सोर उफ्रा होफादेरनाय जाग्रा मुवानि थाखाय जग्यतागोनां।, गोबां मोन्थि, समबारनिफ्राय सुक्रबारसिम, रावखौ, न'नि रेसन लानायनि बागै आं बबेयाव सोंनानै मिथिनो हागोन?, जिउ खुंनाय राहाफोर, न'नि रेसन ला, पशान ट्रैकार खौ दिहुननायनि बिथांखिया मा?, हौवासा, (पोषन) संदानग्रा बाहायथिनि थांखिया जाबाय अंगनवादी मिरुनि (ए.दाब्लिउ.सि.) मावफारिफोरखौ 360 दिग्रियै नायहोनाय, अंगनवादी मावफारियाफोरनि सिबिथाइ सहैहोनाय (ए.दाब्लिउ.दाब्लिउ) आरो गोर्बोआव गथ’ थानाय आइजोफोरनि थाखाय मुलामफा मोननायखौ आबुङै सामलायनाय, बिमा आरो फिसानि थावनिखौ नायदिंनाय। थांखिनाय खान्थिया थि-समखौ नायनाय आरो गासै ए.दाब्लिउ.दाब्लिउ आरो मुलामफा मोनग्राफोरनि सायाव होखानाय दिन्थिग्राफोरखौ संदाननाय।, से.मि., बेवहाय मुलाम्फायारिनि थाखाय मोन 6 थाखोफोर दं, मबाइल एप डाउनलोड खालाम, फिथायफोर दिन्थिआव थु, सासे मुलाम्फायारिआ बिनि/ बिनि एडब्लिउसिखौ सोलायनो हायोना?, टिका होनाय समनि फारिलाइ, आहार जाहोग्रा बिमा, पशान अभियानआ मा?, ड्यासबोर्ड, सोर सासेआ मुलाम्फायारि?, *जौथाइया 38 निफ्राइ 150 नि गेजेराव जानांगोन"
मैथिली,"कृपया अपनसँ संबंधित आंगनवाड़ी केंद्रसँ संपर्क करू।, एकटा लाभार्थी एक महीनामे कमसँ कम 21 दिनक लेल THR लेल योग्य अछि।, 3 बरखसँ 6 बरखक समूहमे नेनासभ, 0 सँ 6 महीना धरि क बच्चासभ, जे बच्चाकेँ पोषण पर कमीक रूपे चिन्हल जाइत अछि, ओ अतिरिक्त भोजनक खुराकक लेल योग्य अछि।, एक लाभार्थी की योग्यता क्या है?, की कोनो लाभार्थी अपन AWC बदल सकैछ?, कोनो व्यक्ति पोषण ट्रैकर एप कोना डाउनलोड क' सकैत छथि?, *ऊँचाई 38 सँ 150 केर बीच होयबाक चाही, गर्म पकाओल भोजन, के अतिरिक्त पूरक भोजनक लेल योग्य अछि।, *वजन 0.90 सँ 58 केर बीच होयबाक चाही, सदिखन पूछल जाय बला प्रश्न, पोषण ट्रैकर आरंभ करबाक उद्देश्य की अछि?, ऊँचाई (सें.मी.), पोषण कैलकुलेटरक उपयोग केना करिए?, लिंग, सेंटीमीटरमे ऊंचाई एंटर करू, करियर, पोषण ट्रैकर नव रिपोर्ट सभक विशेषता जोड़ैत अछि, मोबाइल मे पोषण ट्रैकर एप इंस्टॉल करबाक लेल न्यूनतम आवश्यकता की होइत अछि?, पोषण ट्रैकर एप सिर्फ एंड्रॉयड वर्जन 6.0 आ एहि सँ ऊपरक वर्जन वला एंड्रॉयड फोन मे इंस्टॉल कएल जा सकैत अछि।, वर्तमानमे एकटा लाभार्थी एकटा AWW केर मदतिसँ पंजीकरण कए सकैछ, लड़िका, पोषण ट्रैकर नव एप्लीकेशन विशेषता सभ जोड़ैत अछि, कि.ग्रा., मोबाइल ऐप डाउनलोड करू, हम घरक राशनक बारेमे पूछताछ कए सकैत छी?, लॉगिन करू, 6 महीनासँ 3 बरख धरि क बच्चासभ, किशोरी लड़िकीसभ, गर्म पाकल भोजनक लेल के योग्य अछि?, गर्भवती महिलासभ, नहि, पोषण ट्रैकर एप केवल एंड्रॉयड वर्जन लेल उपलब्ध अछि।, पोषण ट्रैकर एप्लिकेशनक उद्देश्य आंगनवाड़ी केंद्रक (AWC) सभक गतिविधि, आंगनवाड़ी केंद्र कें कार्यकर्ता (AWWs) सभक सेवा आपूर्तिक 360-डिग्री अवलोकन प्रदान करनए अछि आओर गर्ववती स्त्री, स्तनपान कराबै वाली माय आ नेना सभक सम्पूर्ण लाभुक प्रबंधन करब अछि। प्रस्तावित सिस्टम AWCs, AWWs आओर परिभाषित संकेतक सभ पर मौजूद लाभुक केर रीयल टाइम निगरानी आ ट्रैकिंंग सुविधा कें सक्षम करत।, आभा (स्वास्थ्य आईडी) आ एकर लाभ, डैशबोर्ड, टीकाकरण अनुसूची, एकटा लाभार्थी एक महीनामे कमसँ कम 21 दिनक लेल एचसीएमक लेल योग्य छी।, परिणाम सभ देखाउ, राज्य मदतिकेंद्र, पोषण अभियान की अछि?, सेवाक शर्तसभ, की कोनो लाभार्थी आवेदनक उपयोग कएक सीधे पंजीकृत कए सकैछ।, पोषण ट्रैकरमे नव की अछि, प्ले स्टोरसँ मोबाइल ऐप डाउनलोड करू, लाभार्थी निवारण, पोषण ट्रैकर वेबसाइट विशेषता पर नव संसाधन सभ जोड़ैत अछि, ई भाग लिए'बला स्वास्थ्य सेवा प्रदातासभक संग अहाँक गप्पकेँ सक्षम बनबैत अछि, आ अहाँक सत्यापित स्वास्थ्य पेशासब आ स्वास्थ्य सेवा प्रदातासभसँ मूल रूपसँ अपन डिजिटल लैब रिपोर्ट, प्रिस्क्रिप्शन आ निदान भेटएत अनुमति दएत छि।, पोषण कैलकुलेटरकेँ विश्व स्वास्थ्य संगठन (डब्ल्यूएचओ) माध्यमसँ परिभाषित मानक केर आधार पर बच्चाक विकासकेँ नापबाक लेल डिज़ाइन केल गएल अछि., पोषण अभियान नेना, किशोर-किशोरी आ गभर्वतीक पोषण परिणाम मे सुधार लेल एक टा फ्लैगशिप कार्यक्रम अछि।, माप लेबाक क्षमता, स्तनपान कराय बाली मायसभ, गोपनीयता नीति, आँगनबाड़ी कार्यकर्ता प्रशिक्षण, हम गर्म पाकल भोजनक बारेमे कतहसँ पूछताछ कए सकैत छी?, आओर जानू, जन्म तिथि, किलोग्राममे ओजन एंटर करू, आभा (स्वास्थ्य आईडी), राज्य वीडियो सम्मेलन, पोषण ट्रैकर एप गूगल प्लेस्टोर मे उपलब्ध अछि, कृपया अपनसँ संबंधित आंगनवाड़ी कार्यकर्तासँ संपर्क करू।, जन्म् तिथि एंटर करू, लाभार्थी के अछि?, हेल्पडेस्क, पोषण ट्रैकर एप एपल आई स्टोर मे सेहो उपलब्ध अछि की?, मदति, लाभार्थिसभक लेल 6टा श्रेणी अछि, अतिरिक्त पूरक भोजनक लेल के योग्य अछि?, अधिकतर पूछल जाय बला सवाल, साधन, ऐप डाउनलोड करबाक लेल क्यूआर कोडकेँ स्कैन करू, आभा (पहिने हेल्थ आईडीक रूपमे जानल जाएत छल) आयुष्मान भारत स्वास्थ्य खाताक लेल एकटा संक्षिप्त नाम अछि।, हमरा सभ आब वीडियो कॉन्फ्रेंस पर उपलब्ध छी, एकटा AWW एकटा लाभार्थीकेँ एकटा AWC से दोसर AWC क आधार पर हुनकर AADHAAR नंबरक आधार पर माइग्रेट करबाक लेल 'माइग्रेट लाभार्थी' विकल्पक उपयोग कए सकैछ।, पोषण कैलकुलेटर, घरक राशन लिओ, परिणाम देखाउ’ पर क्लिक करू, के घरक राशनक लेल योग्य छी?, सभटा निरंतर पूछल जायवला प्रश्न सभ देखू, आंगनवाड़ी कार्यकर्ता, गर्भवती महिलासभ, स्तनपान कराय बाली मातासभ, 6 महीनासँ 3 साल तक क बच्चा आ किशोर लड़िकीसभ।, लाभार्थी पंजीकरण, लगभग, 3 बरखसँ 6 बरख धरि क बच्चासभ, लड़िकी, सब, वजन (कि.ग्रा.), सें.मी., आब ज्वाइन करू, लिंग चुनू, सोम सँ शुक्र, भाषा"
মণিপুরী,"পোশন ত্রেকরনা অনৌবা এপ্লিকেসন ফিচরশিং হাপচিল্লে, তেক হোম রাসন, চহি 3 দগী চহি 6 কী অঙাংশিং, অৱাংবা অদু সেন্তিমিতরদা হাপ্পু, অহেনবা সপ্লিমেন্তরী ফুদকীদমক কনা ইলিজিবল ওইবগে?, *অরুম্বা 0.98 দগী 58 ফাউবগী মনুংদা ওইগদবনি, সে.মি., হৌজিক য়াওশিনবীয়ু, সর্ভিসকী কাংলোনশিং, পুম্নমক, অরুম্বা অদু কিলোগ্রামদা হাপ্পু, এ.দবল্যু.দবল্যু. অমগী মতেং লৌদুনা হৌজিক্কী ওইনা বেনিফিসরী অমনা রেজিস্তর তৌবা য়াই, তেক হোম রাসনগীদমক কনা ইলিজিবল ওইবগে?, কে.জি., শো রিজল্তসতা নম্মু, বেনিফিসরী অমগী ইলিজিবিলিতী অসি করিনো?, বেনিফিসরী রেজিস্ত্রেসন, হোৎ কুক মীলগী মতাংদা ঐহাক্না কনাদা হংগনি?, ষ্টেট ভিদিও কনফরেন্স, এফ.এ.ক্যু., বেনিফিসরী রিদ্রেসেল, অহেনবা সপ্লিমেন্তরী ফুদকীদমক কনা ইলিজিবল ওইবগে।, অরুম্বা (কে.জি.), পোশন ত্রেক্কর এপ অসি এপল আই ষ্টোরদসু ফংব্রা?, তেংবাং, হেল্পডেস্ক, ড্যাশবোর্ড, FAQ পুম্নমক য়েংবীয়ু, এ.বি.ঐচ.এ. (হেল্থ আই.দি.) শীজিন্নবা অসি অদোম অমদি অদোমগী ইমুং-মনুংগীদমক শাফবা অমসুং কান্নরবা দিজিতেল হেল্থ রেকোর্দশিং শেম্নবা মাইকৈদা চংশিল্লিবা অহানবা খোঙথাংনি।, হৌজিক্তি ঐখোয় ভিদিও কনফরেন্সতা ফংলগনি, পোশন ত্রেক্কর এপ্লিকেসনগী পান্দমদি আঙ্গনৱাদি সেন্টরগী (এ.দবলিয়ু.সি) থবক-থৌরমশিং, আঙ্গনৱাদি ৱাৰ্করশিংনা (এ.দবলিয়ু.দবলিয়ুশিং) পীরিবা সর্ভিসশিং অমসুং মীরোনবী নুপীশিং, খোম্লাং ইল্লিবী মমাশিং অমসুং অঙাংশিংগী মপুংফাবা বেনিফিসরি মেনেজমেন্টকী 360-দিগ্রি ভিয়ু অমা পীবনি। পান্দম্লিবা সিষ্টেম অসিনা এ.দবলিয়ু.সি, এ.দবলিয়ু.দবলিয়ু অমসুং বেনিফিসরি পুম্নমকপু, তাক্লিবা ইন্দিকেটরশিংদা রিএল-টাইমদা মোনিটর অমসুং ত্রেক তৌবা ঙমহনগনি।, মীরোনবী নুপীশিং, খোমজিংলিবী মমাশিং, থা 6 তগী চহি 3 গী অঙাংশিং অমসুং এদোলেস্সেন্ত নুপীমচাশিং।, অঙ্গনৱাদী ৱার্করশিং, পোকপগী তাং, এ.দবল্যু.দবল্যু. অমনা বেনিফিসরী অমবু মখোয়গী আধার নম্বরদা য়ুম্ফম ওইরগা এ.দবল্যু.সি. অমদগী এ.দবল্যু.সি. অমদা মাইগ্রেৎ তৌনবা ‘মাইগ্রেৎ বেনিফিসরী’ ওপ্সন শীজিন্নবা য়াই।, জেন্দর খনবীয়ু, ফলশিং উৎপীয়ু, আঙ্গনৱাদী ৱাৰ্কর ত্রেনিং, এ.বি.ঐচ.এ. (হেল্থ আই.দি.) অমসুং মসিগী কান্নবশিং, পোশন অভিয়ান হায়বসি অঙাংশিং, ইনখৎলক্লিবশিং, মীরোনবীশিংগী ন্যুত্রিসনেল আউটকমশিং ফগৎহন্নবগী ইন্দিয়াগী ফ্লেগশিপ প্রোগ্রামনি।, হোৎ কুক মীলগীদমক কনা ইলিজিবল ওইবগে?, পোশন অভিয়ান হায়বসি করিনো?, হোৎ কুক মীল, লোন, খোমজিংলিবী মমা, বেনিফিসরীশিংগী কেতগোরী 6 লৈ, অদোমগী মরী লৈনবা অঙ্গনৱাদী ৱার্করদা পাউ ফাওবীয়ু।, থা 6 তগী চহি 3 গী অঙাংশিং, তোয়না হংবা ৱাহংশিং, পোশন কেলক্যুলেতর, প্রাইবেসী পোলিসী, পোশন ত্রেকরদা করি অনৌবা য়াওবগে, পোশন ত্রেকরনা ৱেবসাইট ফিচরদা অনৌবা রিসোর্সশিং হাপচিল্লে, অদোমগী মরী লৈনবা অঙ্গনৱাদী সেন্তরদা পাউ ফাওবীয়ু।, তিকা থাদোকপগী মতম, মরমদা, ন্যুত্রিসনগী অৱাৎপা লৈ হায়না মশক খঙদোক্লবা অঙাংশিংনা অহেনবা ফুদ সপ্লিমেন্তশিং ফংনবগীদমক ইলিজিবল ওই।, বেনিফিসরী অমনা মহাক্কী এ.দবল্যু.সি. শিন্দোকপা য়াবরা?, মসিনা অদোমগা শরুক য়ারিবা হেল্থক্যের প্রোভাইদরশিংগা ৱারী শাবা ফংহল্লি, অমসুং শকখঙলবা হেল্থক্যের প্রোফেস্নেল অমসুং হেল্থ সর্ভিসেস প্রোভাইদরশিংদগী অদোমগী দিজিতেল লেব রিপোর্তশিং, প্রেস্ক্রিপ্সনশিং অমসুং দাইগনোসিস অপনবা লৈতনা ফংবা য়াহল্লি।, নুপীমচা, এপ দাউনলোদ তৌনবা ক্যু.আর. কোদ স্কেন তৌ, রাজ্যগী হেল্পদেস্ক, এদোলেস্সেন্ত নুপীমচাশিং, এপ্লিকেসন শীজিন্নদুনা বেনিফিসরী অমনা হকথেংননা রেজিস্তর তৌবা য়াবরা।, ইফিসিয়েন্সীগী চাং ওনবা, প্লে স্তোরদগী মোবাইল এপ দাউনলোদ তৌ, পোশন ত্ৰেক্কর এপ অসি গুগল প্লেষ্টোরদা ফংবীগনি, নুপামচা, বেনিফিসরী অমনা থা অমদা য়ামদ্রবদা নুমিৎ 21গী তি.ঐচ.আর.গীদমক ইলিজিবল ওই।, থা 0 দগী 6 কী অঙাংশিং, পোশন কেলক্যুলেতর অসি ৱর্ল্দ হেল্থ ওর্গনাইজেসন (দবল্যু.ঐচ.ও.)না পীবা সেন্দর্দশিংদা য়ুম্ফম ওইরগা অঙাংগী শাহৌ ওন্নবা দিজাইন তৌই., তাক হোম রাসনগী মতাংদা ঐহাক্না কনাদা হংগনি?, ফংদে, পোশন ত্রেক্কর অসি এন্দ্রোইদ ভর্সনখক্কী ওইনা ফংই।, কমদৌনা মীওই অমনা পোশন ত্রেক্কর এপ দাউনলোদ তৌগদগে?, জেন্দর, লগইন, *অৱাংবা 38 দগী 150 ফাউবগী মনুংদা ওইগদবনি, পোকপগী তাং হাপ্পু, অহেনবা খঙবীয়ু, মোবাইল এপ দাউনলোদ তৌ, বেনিফিসরী অমা হায়বা অসি কনানো?, নিংথৌকাবদগী ইরাই ফাউবা, বেনিফিসরী অমনা থা অমদা য়ামদ্রবদা নুমিৎ 21গী ঐচ.সি.এম.গীদমক ইলিজিবল ওই।, পোশন ত্রেকরনা অনৌবা রিপোর্টশিংগী ফিচর হাপচিল্লে, পোশন কেলক্যুলেতর করম্না শীজিন্নগনি?, অৱাংবা (সে.মি.), রিসোর্সশিং, পোশন ত্রেক্কর এপ অসি এন্দ্রোইদ ভর্সন 6.0 অমদি মসিগী মথক্কী এন্দ্রোইদ ফোনখক্তদা ইনষ্টোল তৌবা য়াই।, এ.বি.ঐচ.এ. (হেল্থ আই.দি.), মীরোনবী নুপী, এ.বি.ঐচ.এ. (মমাংদা হেল্থ আই.দি. হায়না খঙনরম্বা) অসি আয়ুশ্মান ভারত হেল্থ একাউন্তগী ৱাহৈগী অহৌবা শমজিন্দুনা শেম্বা ৱাহৈ অমনি।, চহি 3 দগী চহি 6 কী চহি কাংলুপকী অঙাংশিং।, কেরিয়রশিং, পোশন ত্রেক্কর হৌদোকপগী মরম করিনো?, মোবাইলদা পোশন ত্রেক্কর এপ ইনষ্টোল তৌনবগী তঙাইফদবা মথৌ তাবশিংদু করিনো?"
संथाली,"मित् लाभ ञामिजाक् लेकमान दो चेत् काना?, ओड़ाक् इदी रासोन ला़गित् ओकोय लेकमान आ?, लाभ ञाम कोवाक् ञुतुम होचो, लाभ ञाम को ला़गित् 6 हा़टिञ को मेनाक् आ, नितोक् मित लाभ ञामिच् ए. डब्लु डब्य. का़मियिजाक् गोड़ो ते ञुतुम ओल होचो दाड़ेयाक्, सेनटी मिटार रे उसुल आदेर मे, जुटिच् गोड़ो जोम ला़गित् ओकोय लेख माना?, नाप रेयाक् खेमोता, पोसन ट्रेकर ऐप गुगल प्लेस्टोर रे मेनाक्आ, जोतो साधारोन कुकली ञेल मे, तोवा नुनु होचोयिच् आयो, 3 सेरमा खोन 6 सेरमा हाबिच् रिन गिदरा़ को, ।, पारसी, चेत् ऐप्पल आई स्टोर रे हों पोसन ट्रेकर ऐप मेनाक्आ?, *ओजोन 0.90 खोन 58 रेयाक् ताला हुयुक् ला़कती, पोसन ट्रेकर लॉन्च रेयाक् जोस चेत् काना?, आंगनबाड़ी कामिया को, जुवान कुड़ी गिदरा़ को, पोसन अभियान चेत् काना?, लाभ ञामिच् ओकोय कानाय?, पोनोत बिडियो सेमलेत, पेरेज होड़मो कुड़ी, 0 खोन 6 चांदो रिन गिदरा़ को, इञ लोलो इसिनाक् जोम बाबोत ते ओका रे कुली दाड़ेया कोवा?, एप आ़तुर आंड़ो ला़गित् QR कोड एसकेन में, पेरेच् होड़मो कुड़ी, तावा नुनु होचो गोगो को, 6 चांदो खोन 3 सेरमा हाबिच् रिन गिदरा आर जुवान कुड़ी को।, सेंटी मिटार, गोड़ो एमाक्, निजेराक् निती, पोसान कालकुलेटार, पोसान ट्रेकार नावा एपलिकेसान सुविदा सेलेदा, नितोक् सेलेदोक् मे, Poshan Calculator is designed to measure growth of the child based on standards defined by World Health Organization (WHO)., पोसन ट्रेकर एप्लिकेशन रेयाक् जोस आंगनवाड़ी तालमा (एडब्ल्यूसी) रेयाक् कामीकासनी को, आंगनवाड़ी कामीया को (एडब्ल्यूडब्ल्यू) सेवा एमोक् को आर पेरेच् होड़मो होड़ को , पोवाती गोगो को आर गिदरा लागित् पोरहोक् बेबोसता रेयाक् कामीकासनी रेयाक् 360 डिग्री ञेनेल एम काना। प्रस्तावाक् भावाँर दो जोतो एडब्ल्यूसी, एडब्ल्यूडब्ल्यू आर पोरहोक् को गोटावाक् उनुदुक् रे सारीयानाक् ओकते रेयाक् तानखी आर नजोर दोहोय रे सोमोल बेनाव लाकतीया।, पोसान कालकुलेटार रेयाक् चेत लेका बेभारा?, जानाङ बाछाव मे, गोड़ो तालमा, मोबाइल एप आ़तुर आंड़गोय मे, पोसन ट्रेकर ऐप ओकालेकाम डाउनलोडा?, आभा (पोहलाङ आई.डी.), जानाङ, कोड़ा, ओजोन (किलोग्राम), जुटिच् गोड़ोवाक् जोम ला़गित् ओकोय लेकमाना।, जानाम माहा, ओड़ाक् इदी रासाम, आभा (पोहलाङ आइ.डी) रेयाक् बेबोहार होचो आमाक् आर आम रिन घारोंज ला़गित् जा़पती आर आ़डी बेस डिजिटाल पोहलांङ रेकोर्ड तेयार होचो नाखा रे पाहिल झांप काना।, ओतेमाहा खोन जारुम माहाँ, पोनोत हेल्पडेस्क, मित् लाभ ञामिच् चांदो रे कोम खोन कोम 21 माहा ला़गित् एच.सी.एम. ला़गदित् लेकमाना।, डेशबोर्ड, किलो ग्राम रे ओजोन आदेर मे, बाडाय साङ्गे, विडियो गालमाराव लागित् मिनाञा, कुड़ाइ को उदुग मे, मित् ए.डब्लु.डब्लु. आजाक् आधार नोमबोर रेयाक् लेका तेजाहांय लाभ ञाम को मित् ए.डब्लु.सी. खोन एटाक् ए.डब्लु.सी. रे उचाड़ होचो ला़गित् ‘माइग्रेट लाभ ञाम को’ एपेटाक् रेयाक् बेबोहार दाड़ेयाक् आ।, जोतो, पोसन ट्रेकर ऐप एण्ड्रॉयड फोन रे एण्ड्रॉयड वर्जन 6.0 आर नोवा तायोम रेयाक् वर्जन रे इंस्टॉल दाड़ेयाक्आ।, जानाम माहित आदेर मे, उसुल (सेंटीमिटार), पोसन अभियान, मित् जोस नाजेरानाक् आर् पासनाव दारायते गिदराको, सिसुजुवानको पेरेच् होड़मो आयोहोड़को आर पोवाती गोगोको लागित् जोमाक् बाबोत फोलोन रे सुधार लागित् भारोत रेयाक् आसोल कामीहोरा काना।, इञ ओड़ाक् इदी ला़गित् रासान बाबोत ते ओकारिञ कुली दाड़ेयाकोवा?, जावगे कुलियाक् कुकली को, प्ले स्टोर खोन मोबाइल ऐप आ़तुर आंड़गोय मे, पोसान ट्रेकार नावा रिपोर्ट सुविदा सेलेदा, मित् लाभ ञामिच् चांदो रे कोम खोन कोम 21 माहा ला़गित् टी.एच.आर. लागित् लेक हुयुक् आ।, 6 चांदो खोन 3 सेरमा हाबिच रिन गिदरा़ को, किलोग्राम, Careers, सोत को, बाङ, एकेन एण्ड्रॉयड बर्जन लागित् मेनाक्आ।, टिका एम कामी होरा, आंगोनबाड़ी का़मी कोवाक् चेचेदोक्, 3 सेरमा खोन 6 सेरमा रिन उमेर हा़टिञ रिन गिदरा को, दाया काते आम सोमबोंदाक् आंगनबाड़ी केन्द्रो सांव सोमपोक मे।, लॉगिंन, मोबाइल रे पोसन ट्रेकर ऐप इंस्टॉल लागित् कोमतेत् लाकती चेत् काना।, पोसान ट्रकार रे नावानाक् चेत काना, लोलो इसिनाक् जोम ला़गित् ओकोय लेकमाना?, एफ.ए.क्यू, सेवा रेयाक् सारती, कुड़ाय को दुक् रे ओताय मे, https://play.google.com/store/apps/details?id=com, लोलो इसिनाक् जोमाक्, लाब ञाम कोवाक् सात होचो, चेत् जाहांय लाभ ञाम को आकोवाक् कोड़ा/कुड़ी ए. डब्लु. सी. बोदोल दाड़ेयाक् आ?, आभा (ओका दो माड़ाङ पोहलाङ आइ. डी. ञुतुम ते बाडायोक् कान ताहेना) आयुसमान भारोत हेलत एकाउंट रेयाक् खाटो रुप काना।, *उसुल 38 खोन 150 रेयाक् ताला हुयुक् ला़कती, पोसान ट्रेकार वेबसाइट गुन रे नावा सोत को सेलेदा, ओकोय गिदरा़ को पोसान रेयाक् का़मी लेकाते चिनहाव आकाना, उनकु जुटिच् गोड़ो जोमाक् ला़गित् को लेकमान आ।, कुड़ी, आभा(पोहलाङ आइ.डी.) आर ओना रेयाक् लाभ, दाया काते आमाक् सोमबोंध आंगनबाड़ी का़मिया को सांव सोमपोक मे।, चेत जाहांये लाभको नेहोर साकाम रेयाक् बेबोहार काते सोझे ञुतुम ओल होचो दाड़ेयाक् आ।, नोवा सामिलातोक् पोहलांङ सेवा एमोक् को सांव आमाक् रोपोड़ को लेख तेयारा, आर आम ञेल मिलाव पोहलांङ का़मी को आर पोहलांङ सेवा एमोक् को सांव आमाक् डिजिटाल लेब रिपोर्ट, सोलाह एम कागोज आर बेस होचो मुल लेका ते ञाम रेयाक् बाताव एमाम।, बाबोत् ते"
اردو,"ایک فائدہ اٹھانے والا ایک مہینے میں کم از کم اکیس دن کے لئے ٹی ایچ آر کا اہل ہے۔, ایک استفادہ کنندہ مہینے میں کم از کم اکیس دنوں کے لیے HCM کا اہل ہے۔, کاپی رائٹ@2023 پوشن ٹریکر. جملہ حقوق محفوظ ہیں, حاملہ خواتین، دودھ پلانے والی مائیں، چھ ماہ سے تین سال تک کے بچے اور نوعمر لڑکیاں۔, گھر کا راشن لیں۔, سینٹی میٹر, ویکسینیشن شیڈول, ذرائع وسائل, حاملہ خواتین, براہ کرم اپنی متعلقہ آنگن واڑی ورکر سے رابطہ کریں۔, خدمت کی شرائط۔, فائدہ مند رجسٹریشن, حمایت, ابھی شامل ہوں, کے بارے میں, اضافی اضافی خوراک کے لیے کون اہل ہے؟, پوشن کیلکولیٹر کا استعمال کیسے کریں۔?, دودھ پلانے والی ماں, تمام اکثر پوچھے گئے سوالات دیکھیں, شو کے نتائج پر کلک کریں۔, فائدہ اٹھانے والوں کے لیے چھ زمرے ہیں۔, پوشن کیلکولیٹر ورلڈ ہیلتھ آرگنائزیشن (ڈبلیو ایچ او) کے بیان کردہ معیارات کی بنیاد پر بچے کی نشوونما کی پیمائش کے لئے ڈیزائن کیا گیا ہے۔., پوشن ٹریکر کی ابتدا کا مقصد کیا ہے ؟, تین سال سے چھ سال کی عمر کے بچے, لڑکی, کوئی شخص پوشن ٹریکر اپلیکیشن کیسے ڈاون لوڈ کر سکتا ہے ؟, تمام, پوشن ابھیان بھارت کا ایک اہم منصوبہ ہے جو بچوں نوعمروں کے لئے غذاسے متعلق نتائج کی اصلاح کرتا ہے, نوعمر لڑکیاں, پوشن ٹریکر اپلیکیشن کو موبائل میں انسٹال کرنے کی کماز کم ضرورت کیا ہے ؟, میں گرم پکے ہوئے کھانے کے بارے میں کہاں پوچھ سکتا ہوں؟, موبائل ایپ ڈاؤن لوڈ کریں۔, پوشن ٹریکر نے ویب سائٹ کی خصوصیت پر نئے وسائل کا اضافہ کیا ہے۔, گرم پکا ہوا کھانا, پوشن ٹریکر اپلیکیشن کو موبائل میں انسٹال کرنے کی کماز کم ضرورت اینڈروائیڈ ورژن 6.0 ہونا چاہئے, فی الحال ایک مستفید کنندہ AWW کی مدد سے رجسٹر کر سکتا ہے۔, کیا فائدہ اٹھانے والا درخواست کا استعمال کرکے براہ راست رجسٹر ہوسکتا ہے۔, فائدہ اٹھانے والے کی اہلیت کیا ہے؟, وزن (کلو), کلو, کارکردگی کی پیمائش, سینٹی میٹر میں اونچائی درج کریں۔, کلوگرام میں وزن درج کریں۔, پوشن ابھیان کیا ہے ؟, کیا پوشن ٹریکر اپلیکیشن اپیل Iاسٹور پر بھی دستئیاب ہے ؟, رازداری کی پالیسی, تین سال سے چھ سال تک کے بچے, پوشن کیلکولیٹر, یہ شرکت کرنے والے صحت کی دیکھ بھال فراہم کرنے والوں کے ساتھ آپ کے تعامل کو قابل بناتا ہے، اور آپ کو تصدیق شدہ صحت کی دیکھ بھال کے پیشہ ور افراد اور صحت کی خدمات فراہم کرنے والوں سے بغیر کسی رکاوٹ کے اپنی ڈیجیٹل لیب کی رپورٹس، نسخے اور تشخیص حاصل کرنے کی اجازت دیتا ہے۔, آنگن واڑی ورکرز, AWW ایک AWC سے دوسرے AWC میں اس کے آدھار نمبر کی بنیاد پر استفادہ کنندہ کو منتقل کرنے کے لیے 'مائیگریٹ بینیفشری' کا اختیار استعمال کر سکتا ہے۔, گرم پکا ہوا کھانے کے لیے کون اہل ہے؟, میں گھر پر راشن لے جانے کے بارے میں کہاں پوچھ سکتا ہوں؟, تاریخ پیدائش درج کریں۔, اونچائی (سینٹی میٹر), فائدہ اٹھانے والے کا ازالہ, وہ بچے جن کی نشاندہی غذائیت کی کمی کے طور پر کی گئی ہے وہ اضافی فوڈ سپلیمنٹس کے اہل ہیں۔, پوشن ٹریکر نے رپورٹس کا نیا فیچر شامل کیا۔, پیر سے جمعہ, *Height should be between 38 to 150, کون اضافی اضافی خوراک کا اہل ہے۔, کیا فائدہ اٹھانے والا اپنا AWC تبدیل کر سکتا ہے؟, زبان, کیریئرز, پیدائش کی تاریخ, اب ہم ویڈیو کانفرنس میں دستیاب ہیں, ایپ ڈاؤن لوڈ کرنے کے لیے کیو آر کوڈ اسکین کریں۔, جی نہیں، پوشن ٹریکر صرف اینڈروائیڈ کے ورژن میں ہی دستیاب ہے, پوشن ٹریکر اپلیکیشن گوگل پلے استور پر دستیاب ہے, براہ کرم اپنے متعلقہ آنگن واڑی سنٹر سے رابطہ کریں۔, پوشن ٹریکر پر نیا کیا ہے۔, فائدہ اٹھانے والا کون ہے؟, ٹیک ہوم راشن کے لیے کون اہل ہے؟, صفر سے چھ ماہ تک کے بچے, اسٹیٹ ہیلپ ڈیسک, صنف, ہیلپ ڈیسک, صنف منتخب کریں۔, ریاستی ویڈیو کانفرنس, پلے اسٹور سے موبائل ایپ ڈاؤن لوڈ کریں۔, اکثر پوچھے گئے سوالات, عمومی سوالات, ڈیش بورڈ, *Weight should be between 0.90 to 58, چھ ماہ سے تین سال تک کے بچے, پوشان ٹریکر درخواست کا مقصد آنگن واڑی سنٹر (اے ڈبلیو سی) کی سرگرمیوں کا 360 ڈگری نقطہ نظر ، آنگن واڑی ورکرز (اے ڈبلیو ڈبلیو) کی خدمت کی فراہمی اور حاملہ خواتین ، دودھ پلانے والی ماؤں اور بچوں کے لئے مستفید انتظامیہ کو فراہم کرنا ہے۔ مجوزہ نظام کو طے شدہ اشارے پر تمام AWCs ، AWWs اور مستفید افراد کی اصل وقت کی نگرانی اور ان سے باخبر رہنے کے قابل بنانا چاہئے۔, پوشن ٹریکر ایپلیکیشن کی نئی خصوصیات شامل کرتا ہے۔, نتائج دکھاو, آنگن واڑی ورکرز کی تربیت, لاگ ان کریں, لڑکا, مزید جانیں"
کٲشُر,"نتیجہ ہایو پیٹھ کریو کلک, اضافی سپلیمینٹری غذہس کس چھ حقدار؟, کس چھ اضافی سپلیمینٹری غذا باپتھ حقدار ؟, یمن بچن ہنز شناخت کم غزایت والین بچن ہندی رنگی سپدہ، چھ اضافی سپلیمینٹری غزہکی حقدار, KG, نہ، پوشن ٹریکر ایپ چھِ صرف انڈرایڈس پٮ۪ٹھ دٔسیاب۔, فائدہ تلن والس کیا اہلیت گژھہ آسنی؟, گرم رننہ آمت غذا باپتھ کس چھ حقدار؟, 6ریتھ پیٹھہ 3 وری وانسہ تام بچہ, سینٹی میٹر, وَزن (کلوگرام), ویکسینیشن شیڈول, سروس شراٸط, پوشن ٹریکر چھُ ویب سائٹن پٮ۪ٹھۍ وسٲئل فیچرس شٲمل کَران, ایپ ڈاون لوڈ کرنہ خاطرہ کریو کیوآر کوڈ سکین, پوشن ٹریکر چھُ نیو رپورٹس فیچرس شٲمل کَران, پوشان ٹریکر ایپلی کیشنہِ ہُنٛد مۅقصد چُھ آنگن واڑی ورکرن (اے ڈبلیو ڈبلیو) چہِ آنگن واڑی سنٹر (اے ڈبلیو سی) چہِ خدمت فرٲہمی تہٕ گۅبہِ کھۅر زنانن، دۅد چاوناون واجنٮ۪ن ماجٮ۪ تہٕ بچن خٲطرٕ مستفید انتظامیہ ہِنٛزن سرگرمین ہُنٛد 360 ڈگری نقطہ نظر فراہم کرُن۔ مجوٗز نظام گژھِ طے شدہ اشارِن پٮ۪ٹھ تمام AWCs AWWs تہٕ مُستفیٖد افرادن اصٕل وقتٕچ نگرٲنی تہٕ یمن نِشہِ باخبر روزنس قٲبِل بناونہٕ یُن۔, اے بی ایچ اے (ہیٹتھ آئی ڈی) تہ امکچ افادیت, قَد (سینٹی میٹر), پوشن کیلکیوٹر کتہ پاٹھی چھ استعمال کرن؟, *وزن گَژھِہ 0.90 پٮ۪ٹھ 58 کلوگرام درمیان آسُن, 0پیٹھہ 6 ریتھ وانسہ تام بچہ, عمومی طور کرنہ آمتی سوالات, زائے دوٗہ, لڑکہ, گژھیو ونی شامل, ڈیش بورڑ, مدد, آنگن واری ورکر, پوشن ٹریکرس پیٹھ کیاہ چھ نوو, پیماش صلاحیت, اے بی ایچ اے (یتھ برونٹھ ہیلتھ آئی ڈی ونان آسی) چھ آیوشمان بھارت ہیلتھ اکاؤنٹک اختصار۔, لڑکی, کس چھ گرہ راشن نینک حقدار؟, تمام, رونمت گرم گرم کھین چین, کیا اکھ فائدہ تلن وول یا فائدہ تلن واجنی ہیکیا اے ڈبلیو سی تبدیل کرتھ, ویڈیو کانفرنس ہٲیوٗ, گوبہ خور ذنانہ, اکھ فائدہ تلن وول چھ کم کھوتہ کم ریتس منز 21 ہن دوہن ٹی ایچ آر خا طرہ حق دار, پوشن ابھیان چُھ حکوٗمتہِ ہِنٛدُک اکھ پرچم بردار پروگرام یُس بچن، نو عُمرن، گۅبہِ کھۅر زنانن تہٕ دۅد چاوناون واجٮ۪ن ماجٮ۪ن خٲطرٕ، غٕزٲییتٕکۍ نتٲیج بہتر بناونہٕ خٲطرٕ ٹیکنالوجی سٕتی بہتر بناونہٕ ییہِ۔, 3وری وانسہ پیٹھہ 6 وری وانسہ تام بچہ, جنس کریو منتخب, پلے سٹور پیٹھہ کریو ایپ ڈاون لوڈ, بییٚیہِ زٲنِو, اے بی ایچ اے (ہیٹتھ آئی ڈی), مہربانی کرتھ کریو پننس متعلقہ آنگنواری مرکزس ساتی رابطہ قائم۔, نتٲئج ہٲیوٗ, لاگ اِن, قد کریو سینٹی میٹرن منز اینٹر, امہ سیتی چھ شرکت کرن والین حفظان صحت فراہم کنندن سیتی تہند تبادلہ خیال ممکن سپدان، تہ امہ سیتی چھیو توہی تصدیق شدہ پیشہ ور ماہرین حفظان صحت تہ حفظان صحت چہ خدمات فراہم کرن والین نشہ کنہ رکاوٹہ وراے ڈیجیٹل لیب رپورٹ، نسخہ تہ تشخیص موصول کرتھ ہیکان۔, گوبہ خور زنانہ ، بچن دود دنہ واجنہ ماجہ، 6 ریتھ پیٹھ 3 وری وانسہ تام بچہ تہ نوجوان کورہ, ما اکنون در کنفرانس ویدیویی در دسترس هستیم, کانٛہہ کتھ پٲٹھۍ ہیٚکہ پوشن ٹریکر ایپ ڈاونلوڈ کٔرتھ؟, بچن دوود دنہ واجنہ ماجہ, آنگن واڈی ورکر ٹریننگ, پوشن کیلکولیٹر, *قَد گژھٕہ 38 پٮ۪ٹھۍ 150 درمیان آسُن, مدتٕچ جاے, بیشتر پرژ ھنہ آمت سوالہ, نوجوان کورہ, متعلق, فائدہ تلن والین ہنز چھے 6 کیٹگری, پوشن کیلکیوٹر چھ ورلڈ ہیلتھ آرگنائزیشن (ڈبلیو ایچ او) کیو وضع کردہ معیارو مطابق بچہ سنزہ نشوونما باپتھ ذیزائن کرنہ آمت., پوشن ٹریکر چھُ نیو ایپلی کیشن فیچرس شٲمل کَران, 3وری وانسہ پیٹھہ 6 وری وانسیہ ہندی بچہ, ایپل آی او ایس سٹورس پٮ۪ٹھ چھا پوشن ٹیکر ایپ دٔسیاب؟, ٹیک ہوم راشن, فائدہ تلن وول کس اکھ چھ؟, فایدہ تلن والین ہند اندراج, گرم غذہس متعلق کتہ ہیکو زانکاری حاصل کرتھ؟, کم کھۅتہٕ کم کیاہ چُھ ضروٗرت زِ أسۍ پوشن ٹریکر ایپ موبایل فونس پٮ۪ٹھ انسٹال؟, صرف انڈرایڈ ورجن 0۔6 تہٕ امہِ ہیٚور والٮ۪ن فونن منز ہیٚکہ پوشن ٹریکر ایپ انسٹال گٔژھتھ۔, از دوشنبه تا جمعه, تاریخ پیداٸش کریو اینٹر, ریاستی ہیلپ ڈسک, موجودہ وقتس منز ہیکہ اکھ فایدہ تلن وول اے ڈبلیو ڈبلیو سندہ مدتہ سیتی رجسٹر کرناو تھ, راشن حاصل کرنہ یاپتھ کتہ ہیکو اسی زان کاری حاصل کرتھ؟, زبان, اے بی ایچ اے (ہیلتھ آئی ڈی) چھ توہہ پانس تہ پننہ خاندانہ باپتھ محفوظ تہ موثر ڈیجیٹل ہیلتھ ریکارڈ بناونہ باپتھ گوڈنیک قدم۔, پشون ابھیان کیاہ چُھ؟, رازداری پالیسی, صنف, مہر بانی کرتھ کریو پننس متعلقہ آنگن واری ورکررس ساتی رابطہ قایم, اکھ فائدہ تلن وول چھ کم کھوتہ کم ریتس منز 21 دوہن ایچ سی ایم خا طرہ حق دار, کیریئر, ڈاول لوڈ موبائل ایپ, ذرایع, وزن کریو کلو گرامن منز اینٹر, اکھ اے ڈبلیو ڈبلیو ہیکہ ""مائگریٹ بینیفشری"" آپشن استعمال کرتھ اکس فائدہ تلن والس اکہ اے ڈبلیو سی پیٹھہ دویمس اے ڈبلیو سی یس تام آدھار نمبرچہ بنیاز پیٹھ منتقل کرتھ۔, پوشن ٹریکر ایپ چھِ گُگل پلے سٹورس پٮ۪ٹھ, پوشن ٹریکر ایپہِ ہُنٛد مۅقصد کیاہ چُھ؟, کیاہ اکھ فائدہ تلن وول ہیکیا براہ راست ایپلکیشن استعمال کرتھ درخواست دتھ, فائدہ تلن والین ہندہ باپتھ ازالہ, تمام اکثر پریژھنٕہ آمِت سوالات ہٲیوٗ"
